Week,Rank,Cover,Genre,Song,Artist,Last_Week,Peak,Weeks_on_Chart
2026-02-07,1,https://charts-static.billboard.com/img/2017/04/harry-styles-tuw-180x180.jpg,Pop,Aperture,Harry Styles,-,1,1
2026-02-07,2,https://charts-static.billboard.com/img/2025/11/ellalangley-0yx-choosintexas-3s2-180x180.jpg,Country,Choosin' Texas,Ella Langley,6,2,15
2026-02-07,3,https://charts-static.billboard.com/img/2025/08/oliviadean-8k4-manineed-jej-180x180.jpg,Pop,Man I Need,Olivia Dean,2,2,23
2026-02-07,4,https://charts-static.billboard.com/img/2025/07/huntrxejaeaudreynunareiami-o2t-golden-ozh-180x180.jpg,K-Pop,Golden,"HUNTR/X: EJAE, Audrey Nuna & REI AMI",4,1,32
2026-02-07,5,https://charts-static.billboard.com/img/2025/10/taylor-swift-vug-thefateofophelia-ki7-180x180.jpg,Pop,The Fate Of Ophelia,Taylor Swift,3,1,17
2026-02-07,6,https://charts-static.billboard.com/img/2010/01/bruno-mars-8dl-180x180.jpg,Pop,I Just Might,Bruno Mars,1,1,3
2026-02-07,7,https://charts-static.billboard.com/img/2025/02/alexwarren-vcb-ordinary-jb8-180x180.jpg,Pop,Ordinary,Alex Warren,5,1,50
2026-02-07,8,https://charts-static.billboard.com/img/2025/02/sombr-2ps-backtofriends-xkb-180x180.jpg,Alternative,Back To Friends,sombr,7,7,44
2026-02-07,9,https://charts-static.billboard.com/img/2025/06/kehlani-b5q-folded-beh-180x180.jpg,R&B/Soul,Folded,Kehlani,8,6,33
2026-02-07,10,https://charts-static.billboard.com/img/2025/10/taylor-swift-vug-opalite-05j-180x180.jpg,Pop,Opalite,Taylor Swift,10,2,17
2026-02-07,11,https://charts-static.billboard.com/img/2024/02/djo-fyo-endofbeginning-lak-180x180.jpg,Alternative,End Of Beginning,Djo,9,6,26
2026-02-07,12,https://charts-static.billboard.com/img/2024/10/leonthomas-y3w-mutt-ch5-180x180.jpg,R&B/Soul,Mutt,Leon Thomas,11,6,51
2026-02-07,13,https://charts-static.billboard.com/img/2025/10/raye-azb-whereismyhusband-mtb-180x180.jpg,Pop,Where Is My Husband!,RAYE,13,13,18
2026-02-07,14,https://charts-static.billboard.com/img/2026/01/lil-uzi-vert-z30-whatyousaying-y59-180x180.jpg,Hip-Hop/Rap,What You Saying,Lil Uzi Vert,12,12,5
2026-02-07,15,https://charts-static.billboard.com/img/2025/05/morgan-wallen-eos-igotbetter-8s9-180x180.jpg,Country,I Got Better,Morgan Wallen,14,7,33
2026-02-07,16,https://charts-static.billboard.com/img/2022/01/oliviadean-8k4-180x180.jpg,Pop,So Easy (To Fall In Love),Olivia Dean,17,14,18
2026-02-07,17,https://charts-static.billboard.com/img/2025/05/morgan-wallen-eos-20cigarettes-37w-180x180.jpg,Country,20 Cigarettes,Morgan Wallen,18,15,36
2026-02-07,18,https://charts-static.billboard.com/img/2009/07/justin-bieber-dj8-180x180.jpg,Pop,Daisies,Justin Bieber,15,2,28
2026-02-07,19,https://charts-static.billboard.com/img/2025/11/siennaspiro-o5d-dieonthishill-f28-180x180.jpg,Pop,Die On This Hill,Sienna Spiro,20,19,6
2026-02-07,20,https://charts-static.billboard.com/img/2016/09/gunna-t8f-180x180.jpg,Pop,wgft,GunnaFeaturingBurna Boy,16,16,25
2026-02-07,21,https://charts-static.billboard.com/img/2015/07/luke-combs-vjy-180x180.jpg,Country,Sleepless In A Hotel Room,Luke Combs,21,17,3
2026-02-07,22,https://charts-static.billboard.com/img/2019/09/zachbryan-bqn-180x180.jpg,Country,Plastic Cigarette,Zach Bryan,19,13,3
2026-02-07,23,https://charts-static.billboard.com/img/2025/10/tatemcrae-vd8-titfortat-qq9-180x180.jpg,Pop,Tit For Tat,Tate McRae,25,3,18
2026-02-07,24,https://charts-static.billboard.com/img/2025/08/chris-brown-cyh-itdepends-6sf-180x180.jpg,R&B/Soul,It Depends,Chris BrownFeaturingBryson Tiller,22,16,26
2026-02-07,25,https://charts-static.billboard.com/img/2024/05/mylessmith-w4f-180x180.jpg,Singer/Songwriter,Nice To Meet You,Myles Smith,26,25,33
2026-02-07,26,https://charts-static.billboard.com/img/2024/11/maxmcnown-0ht-bettermeforyoubrowneyes-h8h-180x180.jpg,Country,Better Me For You (Brown Eyes),Max McNown,29,26,33
2026-02-07,27,https://charts-static.billboard.com/img/2019/01/shaboozey-2wm-180x180.jpg,Country,Amen,Shaboozey&Jelly Roll,35,27,38
2026-02-07,28,https://charts-static.billboard.com/img/2023/02/bigxthaplug-b4l-180x180.jpg,Hip-Hop/Rap,Hell At Night,BigXthaPlug Featuring Ella Langley,28,26,25
2026-02-07,29,https://charts-static.billboard.com/img/2025/07/katseye-xrz-gabriela-iea-180x180.jpg,Pop,Gabriela,KATSEYE,27,21,28
2026-02-07,30,https://charts-static.billboard.com/img/2025/05/pinkpantheress-j53-stateside-ska-180x180.jpg,Pop,Stateside,PinkPantheressWithZara Larsson,39,30,4
2026-02-07,31,https://charts-static.billboard.com/img/2009/07/justin-bieber-dj8-180x180.jpg,Pop,Yukon,Justin Bieber,31,17,29
2026-02-07,32,https://charts-static.billboard.com/img/2025/11/oliviadean-8k4-acoupleminutes-of9-180x180.jpg,Pop,A Couple Minutes,Olivia Dean,30,26,14
2026-02-07,33,https://charts-static.billboard.com/img/2025/11/esdeekid-laa-180x180.jpg,Pop,4 Raws,EsDeeKid,32,28,7
2026-02-07,34,https://charts-static.billboard.com/img/2025/05/cody-johnson-0vx-thefall-rvi-180x180.jpg,Country,The Fall,Cody Johnson,36,34,18
2026-02-07,35,https://charts-static.billboard.com/img/2024/11/hudsonwestbrook-9ly-houseagain-zq0-180x180.jpg,Country,House Again,Hudson Westbrook,42,33,41
2026-02-07,36,https://charts-static.billboard.com/img/2016/01/zara-larsson-zej-lushlife-cik-180x180.jpg,Pop,Lush Life,Zara Larsson,40,36,7
2026-02-07,37,https://charts-static.billboard.com/img/2025/09/jason-aldean-903-howfardoesagoodbyego-vgz-180x180.jpg,Country,How Far Does A Goodbye Go,Jason Aldean,46,37,16
2026-02-07,38,https://charts-static.billboard.com/img/2025/04/hardy-rmc-favoritecountrysong-jny-180x180.jpg,Country,Favorite Country Song,HARDY,45,38,14
2026-02-07,39,https://charts-static.billboard.com/img/2025/10/luke-combs-s5l-dayslikethese-eep-180x180.jpg,Country,Days Like These,Luke Combs,48,39,14
2026-02-07,40,https://charts-static.billboard.com/img/2011/12/aap-rocky-u7u-180x180.jpg,Pop,Stay Here 4 Life,A$AP RockyFeaturing Brent Faiyaz,23,23,2
2026-02-07,41,https://charts-static.billboard.com/img/1984/09/prince-5k7-purplerain-6pm-180x180.jpg,Pop,Purple Rain,PrinceAnd The Revolution,38,2,22
2026-02-07,42,https://charts-static.billboard.com/img/2021/01/mariahthescientist-nuo-180x180.jpg,R&B/Soul,Is It A Crime,Mariah The Scientist&Kali Uchis,43,27,25
2026-02-07,43,https://charts-static.billboard.com/img/2025/11/tyla-8f0-chanel-gkl-180x180.jpg,Pop,Chanel,Tyla,52,43,7
2026-02-07,44,https://charts-static.billboard.com/img/2008/04/she-him-5u4-180x180.jpg,Rock,I Thought I Saw Your Face Today,She & Him,47,40,8
2026-02-07,45,https://charts-static.billboard.com/img/2019/09/zachbryan-bqn-180x180.jpg,Country,Say Why,Zach Bryan,44,25,3
2026-02-07,46,https://charts-static.billboard.com/img/2025/08/sombr-2ps-12to12-142-180x180.jpg,Alternative,12 To 12,sombr,49,41,24
2026-02-07,47,https://charts-static.billboard.com/img/2014/06/sabrina-carpenter-l0r-180x180.jpg,Pop,When Did You Get Hot?,Sabrina Carpenter,57,17,20
2026-02-07,48,https://charts-static.billboard.com/img/2016/03/cardi-b-tfu-180x180.jpg,Hip-Hop/Rap,ErrTime,Cardi B,61,43,18
2026-02-07,49,https://charts-static.billboard.com/img/2025/12/poohshiesty-klv-fdo-1pe-180x180.jpg,Hip-Hop/Rap,FDO,Pooh Shiesty,41,12,7
2026-02-07,50,https://charts-static.billboard.com/img/2025/05/morgan-wallen-eos-iaintcomingback-l13-180x180.jpg,Country,I Ain't Coming Back,Morgan WallenFeaturingPost Malone,60,8,33
2026-02-07,51,https://charts-static.billboard.com/img/2025/10/david-guetta-0qb-gonegonegone-bic-180x180.jpg,Pop,Gone Gone Gone,"David Guetta,Teddy Swims&Tones And I",58,51,9
2026-02-07,52,https://charts-static.billboard.com/img/2016/03/daniel-caesar-2qj-180x180.jpg,R&B/Soul,Who Knows,Daniel Caesar,67,52,5
2026-02-07,53,https://charts-static.billboard.com/img/2024/03/tuckerwetmore-ras-180x180.jpg,Country,Brunette,Tucker Wetmore,69,53,5
2026-02-07,54,https://charts-static.billboard.com/img/2025/11/meganmoroney-ugl-beautifulthings-3dm-180x180.jpg,Country,Beautiful Things,Megan Moroney,55,54,9
2026-02-07,55,https://charts-static.billboard.com/img/2026/01/siennaspiro-o5d-youstoletheshow-18f-180x180.jpg,Pop,You Stole The Show,Sienna Spiro,64,55,4
2026-02-07,56,https://charts-static.billboard.com/img/2025/02/georgebirge-000-itwontbelong-plv-180x180.jpg,Country,It Won't Be Long,George Birge,79,56,4
2026-02-07,57,https://charts-static.billboard.com/img/2017/06/youngboy-never-broke-again-ak3-180x180.jpg,Hip-Hop/Rap,Bruce Wayne,YoungBoy Never Broke Again,63,57,2
2026-02-07,58,https://charts-static.billboard.com/img/2025/11/cody-johnson-0vx-travelinsoldier-cvg-180x180.jpg,Country,Travelin' Soldier,Cody Johnson,53,12,12
2026-02-07,59,https://charts-static.billboard.com/img/2025/07/huntrxejaeaudreynunareiami-o2t-howitsdone-3mh-180x180.jpg,K-Pop,How It's Done,"HUNTR/X: EJAE, Audrey Nuna & REI AMI",66,8,27
2026-02-07,60,https://charts-static.billboard.com/img/2025/10/tame-impala-nyr-dracula-dtm-180x180.jpg,Alternative,Dracula,Tame Impala,70,30,18
2026-02-07,61,https://charts-static.billboard.com/img/2025/06/alexwarren-vcb-bloodline-b68-180x180.jpg,Pop,Bloodline,Alex WarrenWithJelly Roll,72,32,18
2026-02-07,62,https://charts-static.billboard.com/img/2011/12/aap-rocky-u7u-180x180.jpg,Hip-Hop/Rap,Helicopter,A$AP Rocky,24,24,2
2026-02-07,63,https://charts-static.billboard.com/img/2019/12/dontoliver-r01-180x180.jpg,Hip-Hop/Rap,ATM,Don Toliver,-,63,1
2026-02-07,64,https://charts-static.billboard.com/img/2017/11/lilbaby-kyx-180x180.jpg,Hip-Hop/Rap,Mrs. Trendsetter,Lil Baby,93,64,2
2026-02-07,65,https://charts-static.billboard.com/img/2025/09/oliviadean-8k4-nicetoeachother-lqm-180x180.jpg,Pop,Nice To Each Other,Olivia Dean,77,65,14
2026-02-07,66,https://charts-static.billboard.com/img/2025/07/riley-green-flo-changemymind-xi7-180x180.jpg,Country,Change My Mind,Riley Green,-,66,1
2026-02-07,67,https://charts-static.billboard.com/img/2025/05/youngboy-never-broke-again-ak3-shotcallin-a7o-180x180.jpg,Hip-Hop/Rap,Shot Callin,YoungBoy Never Broke Again,71,43,20
2026-02-07,68,https://charts-static.billboard.com/img/2022/09/meganmoroney-ugl-180x180.jpg,Country,Wish I Didn't,Megan Moroney,51,51,2
2026-02-07,69,https://charts-static.billboard.com/img/2025/07/zara-larsson-zej-midnightsun-5mk-180x180.jpg,Pop,Midnight Sun,Zara Larsson,82,69,2
2026-02-07,70,https://charts-static.billboard.com/img/2025/10/madison-beer-u5k-bittersweet-dmw-180x180.jpg,Pop,Bittersweet,Madison Beer,68,68,3
2026-02-07,71,https://charts-static.billboard.com/img/2025/08/thomas-rhett-sbw-aintabadlife-z5u-180x180.jpg,Country,Ain't A Bad Life,Thomas RhettFeaturingJordan Davis,-,71,1
2026-02-07,72,https://charts-static.billboard.com/img/2022/01/oliviadean-8k4-180x180.jpg,Pop,Let Alone The One You Love,Olivia Dean,78,71,9
2026-02-07,73,https://charts-static.billboard.com/img/2024/09/chasematthew-iyz-darlin-vto-180x180.jpg,Country,Darlin',Chase Matthew,86,52,18
2026-02-07,74,https://charts-static.billboard.com/img/2013/08/metro-boomin-koo-180x180.jpg,Hip-Hop/Rap,Take Me Thru Dere,"Metro Boomin,Quavo, Breskii & YKNIECE",76,51,18
2026-02-07,75,https://charts-static.billboard.com/img/2018/09/themarias-mjs-180x180.jpg,Alternative,Sienna,The Marias,100,74,17
2026-02-07,76,https://charts-static.billboard.com/img/2025/09/pitbull-zjw-damnilovemiami-db8-180x180.jpg,Hip-Hop/Rap,Damn I Love Miami,PitbullXLil Jon,91,76,2
2026-02-07,77,https://charts-static.billboard.com/img/2025/06/addisonrae-byp-fameisagun-v70-180x180.jpg,Pop,Fame Is A Gun,Addison Rae,92,73,6
2026-02-07,78,https://charts-static.billboard.com/img/2017/01/dababy-a7i-180x180.jpg,Hip-Hop/Rap,Pop Dat Thang,DaBaby,-,78,1
2026-02-07,79,https://charts-static.billboard.com/img/2025/10/taylor-swift-vug-elizabethtaylor-fes-180x180.jpg,Pop,Elizabeth Taylor,Taylor Swift,75,3,17
2026-02-07,80,https://charts-static.billboard.com/img/2026/01/katseye-xrz-internetgirl-tke-180x180.jpg,Pop,Internet Girl,KATSEYE,85,29,4
2026-02-07,81,https://charts-static.billboard.com/img/2024/10/tymyers-tki-endsoftheearth-7v3-180x180.jpg,Country,Ends Of The Earth,Ty Myers,-,81,3
2026-02-07,82,https://charts-static.billboard.com/img/2025/11/esdeekid-laa-180x180.jpg,Electronic,Phantom,EsDeeKid & Rico Ace,87,67,6
2026-02-07,83,https://charts-static.billboard.com/img/2026/01/ti-gmi-letemknow-rv4-180x180.jpg,Hip-Hop/Rap,Let 'Em Know,T.I.,-,83,1
2026-02-07,84,https://charts-static.billboard.com/img/1995/03/jeff-buckley-31d-180x180.jpg,Alternative,"Lover, You Should've Come Over",Jeff Buckley,97,84,2
2026-02-07,85,https://charts-static.billboard.com/img/2016/10/bad-bunny-74k-180x180.jpg,Pop,Voy A Llevarte Pa PR,Bad Bunny,94,17,16
2026-02-07,86,https://charts-static.billboard.com/img/2011/12/aap-rocky-u7u-180x180.jpg,Hip-Hop/Rap,Stole Ya Flow,A$AP Rocky,33,33,2
2026-02-07,87,https://charts-static.billboard.com/img/2013/09/ty-dolla-sign-c0d-180x180.jpg,Pop,Don't Kill The Party,Ty Dolla $ignFeaturingQuavo&Juicy J,89,87,3
2026-02-07,88,https://charts-static.billboard.com/img/2022/04/pesopluma-axe-180x180.jpg,Karaoke,Dopamina,Peso Pluma& Tito Double P,-,52,3
2026-02-07,89,https://charts-static.billboard.com/img/2016/11/dave-rjd-180x180.jpg,Hip-Hop/Rap,Raindance,Dave&Tems,-,89,1
2026-02-07,90,https://charts-static.billboard.com/img/2025/12/h3adband-aka-boo-efn-180x180.jpg,Hip-Hop/Rap,BOO,H3adband,-,90,4
2026-02-07,91,https://charts-static.billboard.com/img/2025/11/shakira-5cv-zoo-7lp-180x180.jpg,Soundtrack,Zoo,Shakira,95,77,5
2026-02-07,92,https://charts-static.billboard.com/img/2024/12/justin-moore-w7r-timesticking-2ne-180x180.jpg,Country,Time's Ticking,Justin Moore,-,92,1
2026-02-07,93,https://charts-static.billboard.com/img/2025/04/phil-wickham-40z-whatanawesomegod-7dq-180x180.jpg,Christian,What An Awesome God,Phil Wickham,96,86,8
2026-02-07,94,https://charts-static.billboard.com/img/2024/09/emmanuelcortes-60h-amor-mwo-180x180.jpg,Música Mexicana,Amor,Emmanuel Cortes,-,90,5
2026-02-07,95,https://charts-static.billboard.com/img/1993/04/radiohead-9k6-180x180.jpg,Alternative,Let Down,Radiohead,-,91,13
2026-02-07,96,https://charts-static.billboard.com/img/2026/01/doechii-h8h-girlgetup-8f8-180x180.jpg,R&B/Soul,"Girl, Get Up.",Doechii&SZA,98,57,4
2026-02-07,97,https://charts-static.billboard.com/img/2024/03/strawberryguy-qcy-mrsmagic-m43-180x180.jpg,Alternative,Mrs Magic,Strawberry Guy,-,97,1
2026-02-07,98,https://charts-static.billboard.com/img/2022/04/pesopluma-axe-180x180.jpg,Música Mexicana,Dano,Peso Pluma& Tito Double P,-,75,3
2026-02-07,99,https://charts-static.billboard.com/img/2025/08/loeshimmy-000-3am-fvs-180x180.jpg,Hip-Hop/Rap,3am,Loe Shimmy &Don Toliver,-,71,10
2026-02-07,100,https://charts-static.billboard.com/img/2016/08/21-savage-6vl-180x180.jpg,Electronic,Mr Recoup,21 Savage&Drake,-,51,6
2026-01-31,1,https://charts-static.billboard.com/img/2010/01/bruno-mars-8dl-180x180.jpg,Pop,I Just Might,Bruno Mars,1,1,2
2026-01-31,2,https://charts-static.billboard.com/img/2025/08/oliviadean-8k4-manineed-jej-180x180.jpg,Pop,Man I Need,Olivia Dean,4,2,22
2026-01-31,3,https://charts-static.billboard.com/img/2025/10/taylor-swift-vug-thefateofophelia-ki7-180x180.jpg,Pop,The Fate Of Ophelia,Taylor Swift,2,1,16
2026-01-31,4,https://charts-static.billboard.com/img/2025/07/huntrxejaeaudreynunareiami-o2t-golden-ozh-180x180.jpg,K-Pop,Golden,"HUNTR/X: EJAE, Audrey Nuna & REI AMI",3,1,31
2026-01-31,5,https://charts-static.billboard.com/img/2025/02/alexwarren-vcb-ordinary-jb8-180x180.jpg,Pop,Ordinary,Alex Warren,5,1,49
2026-01-31,6,https://charts-static.billboard.com/img/2025/11/ellalangley-0yx-choosintexas-3s2-180x180.jpg,Country,Choosin' Texas,Ella Langley,6,5,14
2026-01-31,7,https://charts-static.billboard.com/img/2025/02/sombr-2ps-backtofriends-xkb-180x180.jpg,Alternative,Back To Friends,sombr,8,7,43
2026-01-31,8,https://charts-static.billboard.com/img/2025/06/kehlani-b5q-folded-beh-180x180.jpg,R&B/Soul,Folded,Kehlani,9,6,32
2026-01-31,9,https://charts-static.billboard.com/img/2024/02/djo-fyo-endofbeginning-lak-180x180.jpg,Alternative,End Of Beginning,Djo,7,6,25
2026-01-31,10,https://charts-static.billboard.com/img/2025/10/taylor-swift-vug-opalite-05j-180x180.jpg,Pop,Opalite,Taylor Swift,10,2,16
2026-01-31,11,https://charts-static.billboard.com/img/2024/10/leonthomas-y3w-mutt-ch5-180x180.jpg,R&B/Soul,Mutt,Leon Thomas,11,6,50
2026-01-31,12,https://charts-static.billboard.com/img/2026/01/lil-uzi-vert-z30-whatyousaying-y59-180x180.jpg,Hip-Hop/Rap,What You Saying,Lil Uzi Vert,12,12,4
2026-01-31,13,https://charts-static.billboard.com/img/2025/10/raye-azb-whereismyhusband-mtb-180x180.jpg,Pop,Where Is My Husband!,RAYE,18,13,17
2026-01-31,14,https://charts-static.billboard.com/img/2025/05/morgan-wallen-eos-igotbetter-8s9-180x180.jpg,Country,I Got Better,Morgan Wallen,14,7,32
2026-01-31,15,https://charts-static.billboard.com/img/2009/07/justin-bieber-dj8-180x180.jpg,Pop,Daisies,Justin Bieber,15,2,27
2026-01-31,16,https://charts-static.billboard.com/img/2016/09/gunna-t8f-180x180.jpg,Pop,wgft,GunnaFeaturingBurna Boy,27,16,24
2026-01-31,17,https://charts-static.billboard.com/img/2022/01/oliviadean-8k4-180x180.jpg,Pop,So Easy (To Fall In Love),Olivia Dean,16,14,17
2026-01-31,18,https://charts-static.billboard.com/img/2025/05/morgan-wallen-eos-20cigarettes-37w-180x180.jpg,Country,20 Cigarettes,Morgan Wallen,19,15,35
2026-01-31,19,https://charts-static.billboard.com/img/2019/09/zachbryan-bqn-180x180.jpg,Country,Plastic Cigarette,Zach Bryan,13,13,2
2026-01-31,20,https://charts-static.billboard.com/img/2025/11/siennaspiro-o5d-dieonthishill-f28-180x180.jpg,Pop,Die On This Hill,Sienna Spiro,21,20,5
2026-01-31,21,https://charts-static.billboard.com/img/2015/07/luke-combs-vjy-180x180.jpg,Country,Sleepless In A Hotel Room,Luke Combs,17,17,2
2026-01-31,22,https://charts-static.billboard.com/img/2025/08/chris-brown-cyh-itdepends-6sf-180x180.jpg,R&B/Soul,It Depends,Chris BrownFeaturingBryson Tiller,22,16,25
2026-01-31,23,https://charts-static.billboard.com/img/2011/12/aap-rocky-u7u-180x180.jpg,Pop,Stay Here 4 Life,A$AP RockyFeaturing Brent Faiyaz,-,23,1
2026-01-31,24,https://charts-static.billboard.com/img/2011/12/aap-rocky-u7u-180x180.jpg,Hip-Hop/Rap,Helicopter,A$AP Rocky,-,24,1
2026-01-31,25,https://charts-static.billboard.com/img/2025/10/tatemcrae-vd8-titfortat-qq9-180x180.jpg,Pop,Tit For Tat,Tate McRae,23,3,17
2026-01-31,26,https://charts-static.billboard.com/img/2024/05/mylessmith-w4f-180x180.jpg,Singer/Songwriter,Nice To Meet You,Myles Smith,32,26,32
2026-01-31,27,https://charts-static.billboard.com/img/2025/07/katseye-xrz-gabriela-iea-180x180.jpg,Pop,Gabriela,KATSEYE,24,21,27
2026-01-31,28,https://charts-static.billboard.com/img/2023/02/bigxthaplug-b4l-180x180.jpg,Hip-Hop/Rap,Hell At Night,BigXthaPlug Featuring Ella Langley,31,26,24
2026-01-31,29,https://charts-static.billboard.com/img/2024/11/maxmcnown-0ht-bettermeforyoubrowneyes-h8h-180x180.jpg,Country,Better Me For You (Brown Eyes),Max McNown,36,29,32
2026-01-31,30,https://charts-static.billboard.com/img/2025/11/oliviadean-8k4-acoupleminutes-of9-180x180.jpg,Pop,A Couple Minutes,Olivia Dean,26,26,13
2026-01-31,31,https://charts-static.billboard.com/img/2009/07/justin-bieber-dj8-180x180.jpg,Pop,Yukon,Justin Bieber,33,17,28
2026-01-31,32,https://charts-static.billboard.com/img/2025/11/esdeekid-laa-180x180.jpg,Pop,4 Raws,EsDeeKid,28,28,6
2026-01-31,33,https://charts-static.billboard.com/img/2011/12/aap-rocky-u7u-180x180.jpg,Hip-Hop/Rap,Stole Ya Flow,A$AP Rocky,-,33,1
2026-01-31,34,https://charts-static.billboard.com/img/2025/03/russell-dickerson-aem-happentome-tcj-180x180.jpg,Pop,Happen To Me,Russell Dickerson,37,28,40
2026-01-31,35,https://charts-static.billboard.com/img/2019/01/shaboozey-2wm-180x180.jpg,Country,Amen,Shaboozey&Jelly Roll,45,35,37
2026-01-31,36,https://charts-static.billboard.com/img/2025/05/cody-johnson-0vx-thefall-rvi-180x180.jpg,Country,The Fall,Cody Johnson,39,34,17
2026-01-31,37,https://charts-static.billboard.com/img/2015/01/fetty-wap-79j-trapqueen-7u3-180x180.jpg,Pop,Trap Queen,Fetty Wap,-,2,53
2026-01-31,38,https://charts-static.billboard.com/img/1984/09/prince-5k7-purplerain-6pm-180x180.jpg,Pop,Purple Rain,PrinceAnd The Revolution,30,2,21
2026-01-31,39,https://charts-static.billboard.com/img/2025/05/pinkpantheress-j53-stateside-ska-180x180.jpg,Pop,Stateside,PinkPantheressWithZara Larsson,83,39,3
2026-01-31,40,https://charts-static.billboard.com/img/2016/01/zara-larsson-zej-lushlife-cik-180x180.jpg,Pop,Lush Life,Zara Larsson,48,40,6
2026-01-31,41,https://charts-static.billboard.com/img/2025/12/poohshiesty-klv-fdo-1pe-180x180.jpg,Hip-Hop/Rap,FDO,Pooh Shiesty,20,12,6
2026-01-31,42,https://charts-static.billboard.com/img/2024/11/hudsonwestbrook-9ly-houseagain-zq0-180x180.jpg,Country,House Again,Hudson Westbrook,41,33,40
2026-01-31,43,https://charts-static.billboard.com/img/2021/01/mariahthescientist-nuo-180x180.jpg,R&B/Soul,Is It A Crime,Mariah The Scientist&Kali Uchis,34,27,24
2026-01-31,44,https://charts-static.billboard.com/img/2019/09/zachbryan-bqn-180x180.jpg,Country,Say Why,Zach Bryan,25,25,2
2026-01-31,45,https://charts-static.billboard.com/img/2025/04/hardy-rmc-favoritecountrysong-jny-180x180.jpg,Country,Favorite Country Song,HARDY,52,42,13
2026-01-31,46,https://charts-static.billboard.com/img/2025/09/jason-aldean-903-howfardoesagoodbyego-vgz-180x180.jpg,Country,How Far Does A Goodbye Go,Jason Aldean,50,46,15
2026-01-31,47,https://charts-static.billboard.com/img/2008/04/she-him-5u4-180x180.jpg,Rock,I Thought I Saw Your Face Today,She & Him,42,40,7
2026-01-31,48,https://charts-static.billboard.com/img/2025/10/luke-combs-s5l-dayslikethese-eep-180x180.jpg,Country,Days Like These,Luke Combs,49,44,13
2026-01-31,49,https://charts-static.billboard.com/img/2025/08/sombr-2ps-12to12-142-180x180.jpg,Alternative,12 To 12,sombr,54,41,23
2026-01-31,50,https://charts-static.billboard.com/img/2025/06/discolines-hzk-nobrokeboys-gbu-180x180.jpg,Pop,No Broke Boys,Disco Lines &Tinashe,43,36,24
2026-01-31,51,https://charts-static.billboard.com/img/2022/09/meganmoroney-ugl-180x180.jpg,Country,Wish I Didn't,Megan Moroney,-,51,1
2026-01-31,52,https://charts-static.billboard.com/img/2025/11/tyla-8f0-chanel-gkl-180x180.jpg,Pop,Chanel,Tyla,47,47,6
2026-01-31,53,https://charts-static.billboard.com/img/2025/11/cody-johnson-0vx-travelinsoldier-cvg-180x180.jpg,Country,Travelin' Soldier,Cody Johnson,53,12,11
2026-01-31,54,https://charts-static.billboard.com/img/2011/12/aap-rocky-u7u-180x180.jpg,Pop,Order Of Protection,A$AP Rocky,-,54,1
2026-01-31,55,https://charts-static.billboard.com/img/2025/11/meganmoroney-ugl-beautifulthings-3dm-180x180.jpg,Country,Beautiful Things,Megan Moroney,70,55,8
2026-01-31,56,https://charts-static.billboard.com/img/2026/01/aap-rocky-u7u-punkrocky-ojx-180x180.jpg,Pop,Punk Rocky,A$AP Rocky,64,56,2
2026-01-31,57,https://charts-static.billboard.com/img/2014/06/sabrina-carpenter-l0r-180x180.jpg,Pop,When Did You Get Hot?,Sabrina Carpenter,62,17,19
2026-01-31,58,https://charts-static.billboard.com/img/2025/10/david-guetta-0qb-gonegonegone-bic-180x180.jpg,Pop,Gone Gone Gone,"David Guetta,Teddy Swims&Tones And I",65,56,8
2026-01-31,59,https://charts-static.billboard.com/img/2011/12/aap-rocky-u7u-180x180.jpg,Pop,Playa,A$AP Rocky,-,59,1
2026-01-31,60,https://charts-static.billboard.com/img/2025/05/morgan-wallen-eos-iaintcomingback-l13-180x180.jpg,Country,I Ain't Coming Back,Morgan WallenFeaturingPost Malone,67,8,32
2026-01-31,61,https://charts-static.billboard.com/img/2016/03/cardi-b-tfu-180x180.jpg,Hip-Hop/Rap,ErrTime,Cardi B,60,43,17
2026-01-31,62,https://charts-static.billboard.com/img/2011/12/aap-rocky-u7u-180x180.jpg,Pop,Stop Snitching,A$AP RockyFeaturing BossMan Dlow & Sauce Walka,-,62,1
2026-01-31,63,https://charts-static.billboard.com/img/2017/06/youngboy-never-broke-again-ak3-180x180.jpg,Hip-Hop/Rap,Bruce Wayne,YoungBoy Never Broke Again,-,63,1
2026-01-31,64,https://charts-static.billboard.com/img/2026/01/siennaspiro-o5d-youstoletheshow-18f-180x180.jpg,Pop,You Stole The Show,Sienna Spiro,63,63,3
2026-01-31,65,https://charts-static.billboard.com/img/2011/12/aap-rocky-u7u-180x180.jpg,Pop,No Trespassing,A$AP Rocky,-,65,1
2026-01-31,66,https://charts-static.billboard.com/img/2025/07/huntrxejaeaudreynunareiami-o2t-howitsdone-3mh-180x180.jpg,K-Pop,How It's Done,"HUNTR/X: EJAE, Audrey Nuna & REI AMI",55,8,26
2026-01-31,67,https://charts-static.billboard.com/img/2016/03/daniel-caesar-2qj-180x180.jpg,R&B/Soul,Who Knows,Daniel Caesar,79,67,4
2026-01-31,68,https://charts-static.billboard.com/img/2025/10/madison-beer-u5k-bittersweet-dmw-180x180.jpg,Pop,Bittersweet,Madison Beer,-,68,2
2026-01-31,69,https://charts-static.billboard.com/img/2024/03/tuckerwetmore-ras-180x180.jpg,Country,Brunette,Tucker Wetmore,85,69,4
2026-01-31,70,https://charts-static.billboard.com/img/2025/10/tame-impala-nyr-dracula-dtm-180x180.jpg,Alternative,Dracula,Tame Impala,75,30,17
2026-01-31,71,https://charts-static.billboard.com/img/2025/05/youngboy-never-broke-again-ak3-shotcallin-a7o-180x180.jpg,Hip-Hop/Rap,Shot Callin,YoungBoy Never Broke Again,66,43,19
2026-01-31,72,https://charts-static.billboard.com/img/2025/06/alexwarren-vcb-bloodline-b68-180x180.jpg,Pop,Bloodline,Alex WarrenWithJelly Roll,92,32,17
2026-01-31,73,https://charts-static.billboard.com/img/2011/12/aap-rocky-u7u-180x180.jpg,Pop,Don't Be Dumb / Trip Baby,A$AP Rocky,-,73,1
2026-01-31,74,https://charts-static.billboard.com/img/2019/09/zachbryan-bqn-180x180.jpg,Pop,Bad News,Zach Bryan,35,35,2
2026-01-31,75,https://charts-static.billboard.com/img/2025/10/taylor-swift-vug-elizabethtaylor-fes-180x180.jpg,Pop,Elizabeth Taylor,Taylor Swift,78,3,16
2026-01-31,76,https://charts-static.billboard.com/img/2013/08/metro-boomin-koo-180x180.jpg,Hip-Hop/Rap,Take Me Thru Dere,"Metro Boomin,Quavo, Breskii & YKNIECE",76,51,17
2026-01-31,77,https://charts-static.billboard.com/img/2025/09/oliviadean-8k4-nicetoeachother-lqm-180x180.jpg,Pop,Nice To Each Other,Olivia Dean,81,69,13
2026-01-31,78,https://charts-static.billboard.com/img/2022/01/oliviadean-8k4-180x180.jpg,Pop,Let Alone The One You Love,Olivia Dean,84,71,8
2026-01-31,79,https://charts-static.billboard.com/img/2025/02/georgebirge-000-itwontbelong-plv-180x180.jpg,Country,It Won't Be Long,George Birge,-,79,3
2026-01-31,80,https://charts-static.billboard.com/img/2017/06/youngboy-never-broke-again-ak3-180x180.jpg,Hip-Hop/Rap,Headtap,YoungBoy Never Broke Again,-,80,1
2026-01-31,81,https://charts-static.billboard.com/img/2011/12/aap-rocky-u7u-180x180.jpg,Pop,Air Force (Black Demarco),A$AP Rocky,-,81,1
2026-01-31,82,https://charts-static.billboard.com/img/2025/07/zara-larsson-zej-midnightsun-5mk-180x180.jpg,Pop,Midnight Sun,Zara Larsson,-,82,1
2026-01-31,83,https://charts-static.billboard.com/img/2017/06/youngboy-never-broke-again-ak3-180x180.jpg,Hip-Hop/Rap,Another Episode,YoungBoy Never Broke Again,-,83,1
2026-01-31,84,https://charts-static.billboard.com/img/2019/09/zachbryan-bqn-180x180.jpg,Pop,Appetite,Zach Bryan,38,38,2
2026-01-31,85,https://charts-static.billboard.com/img/2026/01/katseye-xrz-internetgirl-tke-180x180.jpg,Pop,Internet Girl,KATSEYE,59,29,3
2026-01-31,86,https://charts-static.billboard.com/img/2024/09/chasematthew-iyz-darlin-vto-180x180.jpg,Country,Darlin',Chase Matthew,99,52,17
2026-01-31,87,https://charts-static.billboard.com/img/2025/11/esdeekid-laa-180x180.jpg,Electronic,Phantom,EsDeeKid & Rico Ace,88,67,5
2026-01-31,88,https://charts-static.billboard.com/img/2011/12/aap-rocky-u7u-180x180.jpg,Pop,Whiskey (Release Me),A$AP RockyFeaturingGorillaz&Westside Gunn,-,88,1
2026-01-31,89,https://charts-static.billboard.com/img/2013/09/ty-dolla-sign-c0d-180x180.jpg,Pop,Don't Kill The Party,Ty Dolla $ignFeaturingQuavo&Juicy J,-,89,2
2026-01-31,90,https://charts-static.billboard.com/img/2017/06/youngboy-never-broke-again-ak3-180x180.jpg,Hip-Hop/Rap,Anti-Social,YoungBoy Never Broke Again,-,90,1
2026-01-31,91,https://charts-static.billboard.com/img/2025/09/pitbull-zjw-damnilovemiami-db8-180x180.jpg,Hip-Hop/Rap,Damn I Love Miami,PitbullXLil Jon,-,91,1
2026-01-31,92,https://charts-static.billboard.com/img/2025/06/addisonrae-byp-fameisagun-v70-180x180.jpg,Pop,Fame Is A Gun,Addison Rae,-,73,5
2026-01-31,93,https://charts-static.billboard.com/img/2017/11/lilbaby-kyx-180x180.jpg,Hip-Hop/Rap,Mrs. Trendsetter,Lil Baby,-,93,1
2026-01-31,94,https://charts-static.billboard.com/img/2016/10/bad-bunny-74k-180x180.jpg,Pop,Voy A Llevarte Pa PR,Bad Bunny,-,17,15
2026-01-31,95,https://charts-static.billboard.com/img/2025/11/shakira-5cv-zoo-7lp-180x180.jpg,Soundtrack,Zoo,Shakira,80,77,4
2026-01-31,96,https://charts-static.billboard.com/img/2025/04/phil-wickham-40z-whatanawesomegod-7dq-180x180.jpg,Christian,What An Awesome God,Phil Wickham,96,86,7
2026-01-31,97,https://charts-static.billboard.com/img/1995/03/jeff-buckley-31d-180x180.jpg,Alternative,"Lover, You Should've Come Over",Jeff Buckley,-,97,1
2026-01-31,98,https://charts-static.billboard.com/img/2026/01/doechii-h8h-girlgetup-8f8-180x180.jpg,R&B/Soul,"Girl, Get Up.",Doechii&SZA,91,57,3
2026-01-31,99,https://charts-static.billboard.com/img/2006/07/taylor-swift-vug-180x180.jpg,Pop,Father Figure,Taylor Swift,98,4,15
2026-01-31,100,https://charts-static.billboard.com/img/2018/09/themarias-mjs-180x180.jpg,Alternative,Sienna,The Marias,-,74,16
2026-01-24,1,https://charts-static.billboard.com/img/2010/01/bruno-mars-8dl-180x180.jpg,Pop,I Just Might,Bruno Mars,-,1,1
2026-01-24,2,https://charts-static.billboard.com/img/2025/10/taylor-swift-vug-thefateofophelia-ki7-180x180.jpg,Pop,The Fate Of Ophelia,Taylor Swift,1,1,15
2026-01-24,3,https://charts-static.billboard.com/img/2025/07/huntrxejaeaudreynunareiami-o2t-golden-ozh-180x180.jpg,K-Pop,Golden,"HUNTR/X: EJAE, Audrey Nuna & REI AMI",3,1,30
2026-01-24,4,https://charts-static.billboard.com/img/2025/08/oliviadean-8k4-manineed-jej-180x180.jpg,Pop,Man I Need,Olivia Dean,4,4,21
2026-01-24,5,https://charts-static.billboard.com/img/2025/02/alexwarren-vcb-ordinary-jb8-180x180.jpg,Pop,Ordinary,Alex Warren,2,1,48
2026-01-24,6,https://charts-static.billboard.com/img/2025/11/ellalangley-0yx-choosintexas-3s2-180x180.jpg,Country,Choosin' Texas,Ella Langley,5,5,13
2026-01-24,7,https://charts-static.billboard.com/img/2024/02/djo-fyo-endofbeginning-lak-180x180.jpg,Alternative,End Of Beginning,Djo,6,6,24
2026-01-24,8,https://charts-static.billboard.com/img/2025/02/sombr-2ps-backtofriends-xkb-180x180.jpg,Alternative,Back To Friends,sombr,8,7,42
2026-01-24,9,https://charts-static.billboard.com/img/2025/06/kehlani-b5q-folded-beh-180x180.jpg,R&B/Soul,Folded,Kehlani,7,6,31
2026-01-24,10,https://charts-static.billboard.com/img/2025/10/taylor-swift-vug-opalite-05j-180x180.jpg,Pop,Opalite,Taylor Swift,9,2,15
2026-01-24,11,https://charts-static.billboard.com/img/2024/10/leonthomas-y3w-mutt-ch5-180x180.jpg,R&B/Soul,Mutt,Leon Thomas,10,6,49
2026-01-24,12,https://charts-static.billboard.com/img/2026/01/lil-uzi-vert-z30-whatyousaying-y59-180x180.jpg,Hip-Hop/Rap,What You Saying,Lil Uzi Vert,14,12,3
2026-01-24,13,https://charts-static.billboard.com/img/2019/09/zachbryan-bqn-180x180.jpg,Country,Plastic Cigarette,Zach Bryan,-,13,1
2026-01-24,14,https://charts-static.billboard.com/img/2025/05/morgan-wallen-eos-igotbetter-8s9-180x180.jpg,Country,I Got Better,Morgan Wallen,12,7,31
2026-01-24,15,https://charts-static.billboard.com/img/2009/07/justin-bieber-dj8-180x180.jpg,Pop,Daisies,Justin Bieber,11,2,26
2026-01-24,16,https://charts-static.billboard.com/img/2022/01/oliviadean-8k4-180x180.jpg,Pop,So Easy (To Fall In Love),Olivia Dean,15,14,16
2026-01-24,17,https://charts-static.billboard.com/img/2015/07/luke-combs-vjy-180x180.jpg,Country,Sleepless In A Hotel Room,Luke Combs,-,17,1
2026-01-24,18,https://charts-static.billboard.com/img/2025/10/raye-azb-whereismyhusband-mtb-180x180.jpg,Pop,Where Is My Husband!,RAYE,13,13,16
2026-01-24,19,https://charts-static.billboard.com/img/2025/05/morgan-wallen-eos-20cigarettes-37w-180x180.jpg,Country,20 Cigarettes,Morgan Wallen,16,15,34
2026-01-24,20,https://charts-static.billboard.com/img/2025/12/poohshiesty-klv-fdo-1pe-180x180.jpg,Hip-Hop/Rap,FDO,Pooh Shiesty,17,12,5
2026-01-24,21,https://charts-static.billboard.com/img/2025/11/siennaspiro-o5d-dieonthishill-f28-180x180.jpg,Pop,Die On This Hill,Sienna Spiro,54,21,4
2026-01-24,22,https://charts-static.billboard.com/img/2025/08/chris-brown-cyh-itdepends-6sf-180x180.jpg,R&B/Soul,It Depends,Chris BrownFeaturingBryson Tiller,18,16,24
2026-01-24,23,https://charts-static.billboard.com/img/2025/10/tatemcrae-vd8-titfortat-qq9-180x180.jpg,Pop,Tit For Tat,Tate McRae,20,3,16
2026-01-24,24,https://charts-static.billboard.com/img/2025/07/katseye-xrz-gabriela-iea-180x180.jpg,Pop,Gabriela,KATSEYE,21,21,26
2026-01-24,25,https://charts-static.billboard.com/img/2019/09/zachbryan-bqn-180x180.jpg,Country,Say Why,Zach Bryan,-,25,1
2026-01-24,26,https://charts-static.billboard.com/img/2025/11/oliviadean-8k4-acoupleminutes-of9-180x180.jpg,Pop,A Couple Minutes,Olivia Dean,28,26,12
2026-01-24,27,https://charts-static.billboard.com/img/2016/09/gunna-t8f-180x180.jpg,Pop,wgft,GunnaFeaturingBurna Boy,25,25,23
2026-01-24,28,https://charts-static.billboard.com/img/2025/11/esdeekid-laa-180x180.jpg,Pop,4 Raws,EsDeeKid,36,28,5
2026-01-24,29,https://charts-static.billboard.com/img/2025/07/meganmoroney-ugl-6monthslater-74i-180x180.jpg,Pop,6 Months Later,Megan Moroney,34,29,30
2026-01-24,30,https://charts-static.billboard.com/img/1984/09/prince-5k7-purplerain-6pm-180x180.jpg,Pop,Purple Rain,PrinceAnd The Revolution,27,2,20
2026-01-24,31,https://charts-static.billboard.com/img/2023/02/bigxthaplug-b4l-180x180.jpg,Hip-Hop/Rap,Hell At Night,BigXthaPlug Featuring Ella Langley,26,26,23
2026-01-24,32,https://charts-static.billboard.com/img/2024/05/mylessmith-w4f-180x180.jpg,Singer/Songwriter,Nice To Meet You,Myles Smith,31,26,31
2026-01-24,33,https://charts-static.billboard.com/img/2009/07/justin-bieber-dj8-180x180.jpg,Pop,Yukon,Justin Bieber,33,17,27
2026-01-24,34,https://charts-static.billboard.com/img/2021/01/mariahthescientist-nuo-180x180.jpg,R&B/Soul,Is It A Crime,Mariah The Scientist&Kali Uchis,30,27,23
2026-01-24,35,https://charts-static.billboard.com/img/2019/09/zachbryan-bqn-180x180.jpg,Pop,Bad News,Zach Bryan,-,35,1
2026-01-24,36,https://charts-static.billboard.com/img/2024/11/maxmcnown-0ht-bettermeforyoubrowneyes-h8h-180x180.jpg,Country,Better Me For You (Brown Eyes),Max McNown,37,32,31
2026-01-24,37,https://charts-static.billboard.com/img/2025/03/russell-dickerson-aem-happentome-tcj-180x180.jpg,Pop,Happen To Me,Russell Dickerson,32,28,39
2026-01-24,38,https://charts-static.billboard.com/img/2019/09/zachbryan-bqn-180x180.jpg,Pop,Appetite,Zach Bryan,-,38,1
2026-01-24,39,https://charts-static.billboard.com/img/2025/05/cody-johnson-0vx-thefall-rvi-180x180.jpg,Country,The Fall,Cody Johnson,35,34,16
2026-01-24,40,https://charts-static.billboard.com/img/2024/11/riley-green-flo-dontmindifido-5mc-180x180.jpg,Pop,Don't Mind If I Do,Riley GreenFeaturing Ella Langley,24,23,24
2026-01-24,41,https://charts-static.billboard.com/img/2024/11/hudsonwestbrook-9ly-houseagain-zq0-180x180.jpg,Country,House Again,Hudson Westbrook,38,33,39
2026-01-24,42,https://charts-static.billboard.com/img/2008/04/she-him-5u4-180x180.jpg,Rock,I Thought I Saw Your Face Today,She & Him,40,40,6
2026-01-24,43,https://charts-static.billboard.com/img/2025/06/discolines-hzk-nobrokeboys-gbu-180x180.jpg,Pop,No Broke Boys,Disco Lines &Tinashe,47,36,23
2026-01-24,44,https://charts-static.billboard.com/img/2025/07/sajaboysandrewchoineckwavdannychungkevinwoosamuillee-bpl-sodapop-81d-180x180.jpg,Pop,Soda Pop,"Saja Boys: Andrew Choi, Neckwav, Danny Chung, Kevin Woo & samUIL Lee",39,3,25
2026-01-24,45,https://charts-static.billboard.com/img/2019/01/shaboozey-2wm-180x180.jpg,Country,Amen,Shaboozey&Jelly Roll,42,39,36
2026-01-24,46,https://charts-static.billboard.com/img/2019/09/zachbryan-bqn-180x180.jpg,Pop,Runny Eggs,Zach Bryan,-,46,1
2026-01-24,47,https://charts-static.billboard.com/img/2025/11/tyla-8f0-chanel-gkl-180x180.jpg,Pop,Chanel,Tyla,55,47,5
2026-01-24,48,https://charts-static.billboard.com/img/2016/01/zara-larsson-zej-lushlife-cik-180x180.jpg,Pop,Lush Life,Zara Larsson,70,48,5
2026-01-24,49,https://charts-static.billboard.com/img/2025/10/luke-combs-s5l-dayslikethese-eep-180x180.jpg,Country,Days Like These,Luke Combs,44,44,12
2026-01-24,50,https://charts-static.billboard.com/img/2025/09/jason-aldean-903-howfardoesagoodbyego-vgz-180x180.jpg,Country,How Far Does A Goodbye Go,Jason Aldean,52,49,14
2026-01-24,51,https://charts-static.billboard.com/img/2019/09/zachbryan-bqn-180x180.jpg,Pop,Skin,Zach Bryan,-,51,1
2026-01-24,52,https://charts-static.billboard.com/img/2025/04/hardy-rmc-favoritecountrysong-jny-180x180.jpg,Country,Favorite Country Song,HARDY,51,42,12
2026-01-24,53,https://charts-static.billboard.com/img/2025/11/cody-johnson-0vx-travelinsoldier-cvg-180x180.jpg,Country,Travelin' Soldier,Cody Johnson,48,12,10
2026-01-24,54,https://charts-static.billboard.com/img/2025/08/sombr-2ps-12to12-142-180x180.jpg,Alternative,12 To 12,sombr,43,41,22
2026-01-24,55,https://charts-static.billboard.com/img/2025/07/huntrxejaeaudreynunareiami-o2t-howitsdone-3mh-180x180.jpg,K-Pop,How It's Done,"HUNTR/X: EJAE, Audrey Nuna & REI AMI",50,8,25
2026-01-24,56,https://charts-static.billboard.com/img/2019/09/zachbryan-bqn-180x180.jpg,Pop,Deann's Denim,Zach Bryan,-,56,1
2026-01-24,57,https://charts-static.billboard.com/img/2019/09/zachbryan-bqn-180x180.jpg,Pop,Drowning,Zach Bryan,-,57,1
2026-01-24,58,https://charts-static.billboard.com/img/2019/09/zachbryan-bqn-180x180.jpg,Pop,Dry Deserts,Zach Bryan,-,58,1
2026-01-24,59,https://charts-static.billboard.com/img/2026/01/katseye-xrz-internetgirl-tke-180x180.jpg,Pop,Internet Girl,KATSEYE,29,29,2
2026-01-24,60,https://charts-static.billboard.com/img/2016/03/cardi-b-tfu-180x180.jpg,Hip-Hop/Rap,ErrTime,Cardi B,59,43,16
2026-01-24,61,https://charts-static.billboard.com/img/2019/09/zachbryan-bqn-180x180.jpg,Pop,Santa Fe,Zach Bryan,-,61,1
2026-01-24,62,https://charts-static.billboard.com/img/2014/06/sabrina-carpenter-l0r-180x180.jpg,Pop,When Did You Get Hot?,Sabrina Carpenter,64,17,18
2026-01-24,63,https://charts-static.billboard.com/img/2026/01/siennaspiro-o5d-youstoletheshow-18f-180x180.jpg,Pop,You Stole The Show,Sienna Spiro,81,63,2
2026-01-24,64,https://charts-static.billboard.com/img/2026/01/aap-rocky-u7u-punkrocky-ojx-180x180.jpg,Pop,Punk Rocky,A$AP Rocky,-,64,1
2026-01-24,65,https://charts-static.billboard.com/img/2025/10/david-guetta-0qb-gonegonegone-bic-180x180.jpg,Pop,Gone Gone Gone,"David Guetta,Teddy Swims&Tones And I",56,56,7
2026-01-24,66,https://charts-static.billboard.com/img/2025/05/youngboy-never-broke-again-ak3-shotcallin-a7o-180x180.jpg,Hip-Hop/Rap,Shot Callin,YoungBoy Never Broke Again,58,43,18
2026-01-24,67,https://charts-static.billboard.com/img/2025/05/morgan-wallen-eos-iaintcomingback-l13-180x180.jpg,Country,I Ain't Coming Back,Morgan WallenFeaturingPost Malone,61,8,31
2026-01-24,68,https://charts-static.billboard.com/img/2019/09/zachbryan-bqn-180x180.jpg,Pop,With Heaven On Top,Zach Bryan,-,68,1
2026-01-24,69,https://charts-static.billboard.com/img/2019/09/zachbryan-bqn-180x180.jpg,Pop,South And Pine,Zach Bryan,-,69,1
2026-01-24,70,https://charts-static.billboard.com/img/2025/11/meganmoroney-ugl-beautifulthings-3dm-180x180.jpg,Country,Beautiful Things,Megan Moroney,60,60,7
2026-01-24,71,https://charts-static.billboard.com/img/2019/09/zachbryan-bqn-180x180.jpg,Pop,Cannonball,Zach Bryan,-,71,1
2026-01-24,72,https://charts-static.billboard.com/img/2019/09/zachbryan-bqn-180x180.jpg,Pop,Slicked Back,Zach Bryan,-,72,1
2026-01-24,73,https://charts-static.billboard.com/img/2019/09/zachbryan-bqn-180x180.jpg,Pop,Anyways,Zach Bryan,-,73,1
2026-01-24,74,https://charts-static.billboard.com/img/2025/09/sabrina-carpenter-l0r-tears-3zb-180x180.jpg,Pop,Tears,Sabrina Carpenter,53,3,20
2026-01-24,75,https://charts-static.billboard.com/img/2025/10/tame-impala-nyr-dracula-dtm-180x180.jpg,Alternative,Dracula,Tame Impala,66,30,16
2026-01-24,76,https://charts-static.billboard.com/img/2013/08/metro-boomin-koo-180x180.jpg,Hip-Hop/Rap,Take Me Thru Dere,"Metro Boomin,Quavo, Breskii & YKNIECE",65,51,16
2026-01-24,77,https://charts-static.billboard.com/img/2020/02/thekidlaroi-58q-180x180.jpg,Pop,Rather Be,The Kid LaroiFeaturing Lithe,-,77,1
2026-01-24,78,https://charts-static.billboard.com/img/2025/10/taylor-swift-vug-elizabethtaylor-fes-180x180.jpg,Pop,Elizabeth Taylor,Taylor Swift,62,3,15
2026-01-24,79,https://charts-static.billboard.com/img/2016/03/daniel-caesar-2qj-180x180.jpg,R&B/Soul,Who Knows,Daniel Caesar,85,79,3
2026-01-24,80,https://charts-static.billboard.com/img/2025/11/shakira-5cv-zoo-7lp-180x180.jpg,Soundtrack,Zoo,Shakira,77,77,3
2026-01-24,81,https://charts-static.billboard.com/img/2025/09/oliviadean-8k4-nicetoeachother-lqm-180x180.jpg,Pop,Nice To Each Other,Olivia Dean,69,69,12
2026-01-24,82,https://charts-static.billboard.com/img/2025/08/alexwarren-vcb-eternity-s7w-180x180.jpg,Pop,Eternity,Alex Warren,74,16,20
2026-01-24,83,https://charts-static.billboard.com/img/2025/05/pinkpantheress-j53-stateside-ska-180x180.jpg,Pop,Stateside,PinkPantheressWithZara Larsson,100,83,2
2026-01-24,84,https://charts-static.billboard.com/img/2022/01/oliviadean-8k4-180x180.jpg,Pop,Let Alone The One You Love,Olivia Dean,71,71,7
2026-01-24,85,https://charts-static.billboard.com/img/2024/03/tuckerwetmore-ras-180x180.jpg,Country,Brunette,Tucker Wetmore,75,75,3
2026-01-24,86,https://charts-static.billboard.com/img/2025/04/blake-shelton-d4t-staycountryordietryin-k52-180x180.jpg,Pop,Stay Country Or Die Tryin',Blake Shelton,63,63,3
2026-01-24,87,https://charts-static.billboard.com/img/2019/09/zachbryan-bqn-180x180.jpg,Pop,If They Come Lookin',Zach Bryan,-,87,1
2026-01-24,88,https://charts-static.billboard.com/img/2025/11/esdeekid-laa-180x180.jpg,Electronic,Phantom,EsDeeKid & Rico Ace,72,67,4
2026-01-24,89,https://charts-static.billboard.com/img/2019/09/zachbryan-bqn-180x180.jpg,Pop,Rivers And Creeks,Zach Bryan,-,89,1
2026-01-24,90,https://charts-static.billboard.com/img/2025/09/ed-sheeran-5jf-camera-2jx-180x180.jpg,Pop,Camera,Ed Sheeran,67,58,18
2026-01-24,91,https://charts-static.billboard.com/img/2026/01/doechii-h8h-girlgetup-8f8-180x180.jpg,R&B/Soul,"Girl, Get Up.",Doechii&SZA,57,57,2
2026-01-24,92,https://charts-static.billboard.com/img/2025/06/alexwarren-vcb-bloodline-b68-180x180.jpg,Pop,Bloodline,Alex WarrenWithJelly Roll,83,32,16
2026-01-24,93,https://charts-static.billboard.com/img/2025/12/h3adband-aka-boo-efn-180x180.jpg,Hip-Hop/Rap,BOO,H3adband,90,90,3
2026-01-24,94,https://charts-static.billboard.com/img/2016/08/21-savage-6vl-180x180.jpg,Electronic,Mr Recoup,21 Savage&Drake,73,51,5
2026-01-24,95,https://charts-static.billboard.com/img/2019/09/zachbryan-bqn-180x180.jpg,Pop,You Can Still Come Home,Zach Bryan,-,95,1
2026-01-24,96,https://charts-static.billboard.com/img/2025/04/phil-wickham-40z-whatanawesomegod-7dq-180x180.jpg,Christian,What An Awesome God,Phil Wickham,86,86,6
2026-01-24,97,https://charts-static.billboard.com/img/2025/08/loeshimmy-000-3am-fvs-180x180.jpg,Hip-Hop/Rap,3am,Loe Shimmy &Don Toliver,82,71,9
2026-01-24,98,https://charts-static.billboard.com/img/2006/07/taylor-swift-vug-180x180.jpg,Pop,Father Figure,Taylor Swift,76,4,14
2026-01-24,99,https://charts-static.billboard.com/img/2024/09/chasematthew-iyz-darlin-vto-180x180.jpg,Country,Darlin',Chase Matthew,80,52,16
2026-01-24,100,https://charts-static.billboard.com/img/2025/11/icespice-l5c-bigguy-i7d-180x180.jpg,Pop,Big Guy,Ice Spice,-,100,1
2026-01-17,1,https://charts-static.billboard.com/img/2025/10/taylor-swift-vug-thefateofophelia-ki7-180x180.jpg,Pop,The Fate Of Ophelia,Taylor Swift,1,1,14
2026-01-17,2,https://charts-static.billboard.com/img/2025/02/alexwarren-vcb-ordinary-jb8-180x180.jpg,Pop,Ordinary,Alex Warren,3,1,47
2026-01-17,3,https://charts-static.billboard.com/img/2025/07/huntrxejaeaudreynunareiami-o2t-golden-ozh-180x180.jpg,K-Pop,Golden,"HUNTR/X: EJAE, Audrey Nuna & REI AMI",2,1,29
2026-01-17,4,https://charts-static.billboard.com/img/2025/08/oliviadean-8k4-manineed-jej-180x180.jpg,Pop,Man I Need,Olivia Dean,4,4,20
2026-01-17,5,https://charts-static.billboard.com/img/2025/11/ellalangley-0yx-choosintexas-3s2-180x180.jpg,Country,Choosin' Texas,Ella Langley,5,5,12
2026-01-17,6,https://charts-static.billboard.com/img/2024/02/djo-fyo-endofbeginning-lak-180x180.jpg,Alternative,End Of Beginning,Djo,16,6,23
2026-01-17,7,https://charts-static.billboard.com/img/2025/06/kehlani-b5q-folded-beh-180x180.jpg,R&B/Soul,Folded,Kehlani,6,6,30
2026-01-17,8,https://charts-static.billboard.com/img/2025/02/sombr-2ps-backtofriends-xkb-180x180.jpg,Alternative,Back To Friends,sombr,7,7,41
2026-01-17,9,https://charts-static.billboard.com/img/2025/10/taylor-swift-vug-opalite-05j-180x180.jpg,Pop,Opalite,Taylor Swift,8,2,14
2026-01-17,10,https://charts-static.billboard.com/img/2024/10/leonthomas-y3w-mutt-ch5-180x180.jpg,R&B/Soul,Mutt,Leon Thomas,9,6,48
2026-01-17,11,https://charts-static.billboard.com/img/2009/07/justin-bieber-dj8-180x180.jpg,Pop,Daisies,Justin Bieber,10,2,25
2026-01-17,12,https://charts-static.billboard.com/img/2025/05/morgan-wallen-eos-igotbetter-8s9-180x180.jpg,Country,I Got Better,Morgan Wallen,11,7,30
2026-01-17,13,https://charts-static.billboard.com/img/2025/10/raye-azb-whereismyhusband-mtb-180x180.jpg,Pop,Where Is My Husband!,RAYE,13,13,15
2026-01-17,14,https://charts-static.billboard.com/img/2026/01/lil-uzi-vert-z30-whatyousaying-y59-180x180.jpg,Hip-Hop/Rap,What You Saying,Lil Uzi Vert,21,14,2
2026-01-17,15,https://charts-static.billboard.com/img/2022/01/oliviadean-8k4-180x180.jpg,Pop,So Easy (To Fall In Love),Olivia Dean,14,14,15
2026-01-17,16,https://charts-static.billboard.com/img/2025/05/morgan-wallen-eos-20cigarettes-37w-180x180.jpg,Country,20 Cigarettes,Morgan Wallen,15,15,33
2026-01-17,17,https://charts-static.billboard.com/img/2025/12/poohshiesty-klv-fdo-1pe-180x180.jpg,Hip-Hop/Rap,FDO,Pooh Shiesty,12,12,4
2026-01-17,18,https://charts-static.billboard.com/img/2025/08/chris-brown-cyh-itdepends-6sf-180x180.jpg,R&B/Soul,It Depends,Chris BrownFeaturingBryson Tiller,17,16,23
2026-01-17,19,https://charts-static.billboard.com/img/2016/08/morgan-wallen-eos-180x180.jpg,Pop,What I Want,Morgan WallenFeaturingTate McRae,19,1,29
2026-01-17,20,https://charts-static.billboard.com/img/2025/10/tatemcrae-vd8-titfortat-qq9-180x180.jpg,Pop,Tit For Tat,Tate McRae,20,3,15
2026-01-17,21,https://charts-static.billboard.com/img/2025/07/katseye-xrz-gabriela-iea-180x180.jpg,Pop,Gabriela,KATSEYE,22,21,25
2026-01-17,22,https://charts-static.billboard.com/img/2025/06/sabrina-carpenter-l0r-manchild-cmz-180x180.jpg,Pop,Manchild,Sabrina Carpenter,18,1,27
2026-01-17,23,https://charts-static.billboard.com/img/2025/01/ravynlenae-qqs-lovemenot-et7-180x180.jpg,Pop,Love Me Not,Ravyn Lenae,24,5,36
2026-01-17,24,https://charts-static.billboard.com/img/2024/11/riley-green-flo-dontmindifido-5mc-180x180.jpg,Pop,Don't Mind If I Do,Riley GreenFeaturing Ella Langley,23,23,23
2026-01-17,25,https://charts-static.billboard.com/img/2016/09/gunna-t8f-180x180.jpg,Pop,wgft,GunnaFeaturingBurna Boy,25,25,22
2026-01-17,26,https://charts-static.billboard.com/img/2023/02/bigxthaplug-b4l-180x180.jpg,Hip-Hop/Rap,Hell At Night,BigXthaPlug Featuring Ella Langley,28,26,22
2026-01-17,27,https://charts-static.billboard.com/img/1984/09/prince-5k7-purplerain-6pm-180x180.jpg,Pop,Purple Rain,PrinceAnd The Revolution,-,2,19
2026-01-17,28,https://charts-static.billboard.com/img/2025/11/oliviadean-8k4-acoupleminutes-of9-180x180.jpg,Pop,A Couple Minutes,Olivia Dean,36,28,11
2026-01-17,29,https://charts-static.billboard.com/img/2026/01/katseye-xrz-internetgirl-tke-180x180.jpg,Pop,Internet Girl,KATSEYE,-,29,1
2026-01-17,30,https://charts-static.billboard.com/img/2021/01/mariahthescientist-nuo-180x180.jpg,R&B/Soul,Is It A Crime,Mariah The Scientist&Kali Uchis,27,27,22
2026-01-17,31,https://charts-static.billboard.com/img/2024/05/mylessmith-w4f-180x180.jpg,Singer/Songwriter,Nice To Meet You,Myles Smith,26,26,30
2026-01-17,32,https://charts-static.billboard.com/img/2025/03/russell-dickerson-aem-happentome-tcj-180x180.jpg,Pop,Happen To Me,Russell Dickerson,29,28,38
2026-01-17,33,https://charts-static.billboard.com/img/2009/07/justin-bieber-dj8-180x180.jpg,Pop,Yukon,Justin Bieber,30,17,26
2026-01-17,34,https://charts-static.billboard.com/img/2025/07/meganmoroney-ugl-6monthslater-74i-180x180.jpg,Pop,6 Months Later,Megan Moroney,31,30,29
2026-01-17,35,https://charts-static.billboard.com/img/2025/05/cody-johnson-0vx-thefall-rvi-180x180.jpg,Country,The Fall,Cody Johnson,34,34,15
2026-01-17,36,https://charts-static.billboard.com/img/2025/11/esdeekid-laa-180x180.jpg,Pop,4 Raws,EsDeeKid,38,36,4
2026-01-17,37,https://charts-static.billboard.com/img/2024/11/maxmcnown-0ht-bettermeforyoubrowneyes-h8h-180x180.jpg,Country,Better Me For You (Brown Eyes),Max McNown,32,32,30
2026-01-17,38,https://charts-static.billboard.com/img/2024/11/hudsonwestbrook-9ly-houseagain-zq0-180x180.jpg,Country,House Again,Hudson Westbrook,33,33,38
2026-01-17,39,https://charts-static.billboard.com/img/2025/07/sajaboysandrewchoineckwavdannychungkevinwoosamuillee-bpl-sodapop-81d-180x180.jpg,Pop,Soda Pop,"Saja Boys: Andrew Choi, Neckwav, Danny Chung, Kevin Woo & samUIL Lee",35,3,24
2026-01-17,40,https://charts-static.billboard.com/img/2008/04/she-him-5u4-180x180.jpg,Rock,I Thought I Saw Your Face Today,She & Him,43,40,5
2026-01-17,41,https://charts-static.billboard.com/img/1968/08/fleetwood-mac-z28-180x180.jpg,Rock,Landslide,Fleetwood Mac,-,41,1
2026-01-17,42,https://charts-static.billboard.com/img/2019/01/shaboozey-2wm-180x180.jpg,Country,Amen,Shaboozey&Jelly Roll,39,39,35
2026-01-17,43,https://charts-static.billboard.com/img/2025/08/sombr-2ps-12to12-142-180x180.jpg,Alternative,12 To 12,sombr,44,41,21
2026-01-17,44,https://charts-static.billboard.com/img/2025/10/luke-combs-s5l-dayslikethese-eep-180x180.jpg,Country,Days Like These,Luke Combs,46,44,11
2026-01-17,45,https://charts-static.billboard.com/img/2024/08/gavinadcock-zdi-180x180.jpg,Pop,Last One To Know,Gavin Adcock,47,45,21
2026-01-17,46,https://charts-static.billboard.com/img/1985/08/kate-bush-000-runningupthathilladealwithgod-1cx-180x180.jpg,Pop,Running Up That Hill (A Deal With God),Kate Bush,-,3,41
2026-01-17,47,https://charts-static.billboard.com/img/2025/06/discolines-hzk-nobrokeboys-gbu-180x180.jpg,Pop,No Broke Boys,Disco Lines &Tinashe,40,36,22
2026-01-17,48,https://charts-static.billboard.com/img/2025/11/cody-johnson-0vx-travelinsoldier-cvg-180x180.jpg,Country,Travelin' Soldier,Cody Johnson,55,12,9
2026-01-17,49,https://charts-static.billboard.com/img/2025/07/sajaboysandrewchoineckwavdannychungkevinwoosamuillee-bpl-youridol-tim-180x180.jpg,Pop,Your Idol,"Saja Boys: Andrew Choi, Neckwav, Danny Chung, Kevin Woo & samUIL Lee",41,4,25
2026-01-17,50,https://charts-static.billboard.com/img/2025/07/huntrxejaeaudreynunareiami-o2t-howitsdone-3mh-180x180.jpg,K-Pop,How It's Done,"HUNTR/X: EJAE, Audrey Nuna & REI AMI",45,8,24
2026-01-17,51,https://charts-static.billboard.com/img/2025/04/hardy-rmc-favoritecountrysong-jny-180x180.jpg,Country,Favorite Country Song,HARDY,42,42,11
2026-01-17,52,https://charts-static.billboard.com/img/2025/09/jason-aldean-903-howfardoesagoodbyego-vgz-180x180.jpg,Country,How Far Does A Goodbye Go,Jason Aldean,49,49,13
2026-01-17,53,https://charts-static.billboard.com/img/2025/09/sabrina-carpenter-l0r-tears-3zb-180x180.jpg,Pop,Tears,Sabrina Carpenter,37,3,19
2026-01-17,54,https://charts-static.billboard.com/img/2025/11/siennaspiro-o5d-dieonthishill-f28-180x180.jpg,Pop,Die On This Hill,Sienna Spiro,69,54,3
2026-01-17,55,https://charts-static.billboard.com/img/2025/11/tyla-8f0-chanel-gkl-180x180.jpg,Pop,Chanel,Tyla,53,53,4
2026-01-17,56,https://charts-static.billboard.com/img/2025/10/david-guetta-0qb-gonegonegone-bic-180x180.jpg,Pop,Gone Gone Gone,"David Guetta,Teddy Swims&Tones And I",57,56,6
2026-01-17,57,https://charts-static.billboard.com/img/2026/01/doechii-h8h-girlgetup-8f8-180x180.jpg,R&B/Soul,"Girl, Get Up.",Doechii&SZA,-,57,1
2026-01-17,58,https://charts-static.billboard.com/img/2025/05/youngboy-never-broke-again-ak3-shotcallin-a7o-180x180.jpg,Hip-Hop/Rap,Shot Callin,YoungBoy Never Broke Again,48,43,17
2026-01-17,59,https://charts-static.billboard.com/img/2016/03/cardi-b-tfu-180x180.jpg,Hip-Hop/Rap,ErrTime,Cardi B,54,43,15
2026-01-17,60,https://charts-static.billboard.com/img/2025/11/meganmoroney-ugl-beautifulthings-3dm-180x180.jpg,Country,Beautiful Things,Megan Moroney,64,60,6
2026-01-17,61,https://charts-static.billboard.com/img/2025/05/morgan-wallen-eos-iaintcomingback-l13-180x180.jpg,Country,I Ain't Coming Back,Morgan WallenFeaturingPost Malone,60,8,30
2026-01-17,62,https://charts-static.billboard.com/img/2025/10/taylor-swift-vug-elizabethtaylor-fes-180x180.jpg,Pop,Elizabeth Taylor,Taylor Swift,59,3,14
2026-01-17,63,https://charts-static.billboard.com/img/2025/04/blake-shelton-d4t-staycountryordietryin-k52-180x180.jpg,Pop,Stay Country Or Die Tryin',Blake Shelton,65,63,2
2026-01-17,64,https://charts-static.billboard.com/img/2014/06/sabrina-carpenter-l0r-180x180.jpg,Pop,When Did You Get Hot?,Sabrina Carpenter,66,17,17
2026-01-17,65,https://charts-static.billboard.com/img/2013/08/metro-boomin-koo-180x180.jpg,Hip-Hop/Rap,Take Me Thru Dere,"Metro Boomin,Quavo, Breskii & YKNIECE",51,51,15
2026-01-17,66,https://charts-static.billboard.com/img/2025/10/tame-impala-nyr-dracula-dtm-180x180.jpg,Alternative,Dracula,Tame Impala,62,30,15
2026-01-17,67,https://charts-static.billboard.com/img/2025/09/ed-sheeran-5jf-camera-2jx-180x180.jpg,Pop,Camera,Ed Sheeran,58,58,17
2026-01-17,68,https://charts-static.billboard.com/img/2025/01/parmalee-3ux-cowgirl-thf-180x180.jpg,Country,Cowgirl,Parmalee,50,50,6
2026-01-17,69,https://charts-static.billboard.com/img/2025/09/oliviadean-8k4-nicetoeachother-lqm-180x180.jpg,Pop,Nice To Each Other,Olivia Dean,74,69,11
2026-01-17,70,https://charts-static.billboard.com/img/2016/01/zara-larsson-zej-lushlife-cik-180x180.jpg,Pop,Lush Life,Zara Larsson,-,70,4
2026-01-17,71,https://charts-static.billboard.com/img/2022/01/oliviadean-8k4-180x180.jpg,Pop,Let Alone The One You Love,Olivia Dean,78,71,6
2026-01-17,72,https://charts-static.billboard.com/img/2025/11/esdeekid-laa-180x180.jpg,Electronic,Phantom,EsDeeKid & Rico Ace,67,67,3
2026-01-17,73,https://charts-static.billboard.com/img/2016/08/21-savage-6vl-180x180.jpg,Electronic,Mr Recoup,21 Savage&Drake,61,51,4
2026-01-17,74,https://charts-static.billboard.com/img/2025/08/alexwarren-vcb-eternity-s7w-180x180.jpg,Pop,Eternity,Alex Warren,56,16,19
2026-01-17,75,https://charts-static.billboard.com/img/2024/03/tuckerwetmore-ras-180x180.jpg,Country,Brunette,Tucker Wetmore,83,75,2
2026-01-17,76,https://charts-static.billboard.com/img/2006/07/taylor-swift-vug-180x180.jpg,Pop,Father Figure,Taylor Swift,72,4,13
2026-01-17,77,https://charts-static.billboard.com/img/2025/11/shakira-5cv-zoo-7lp-180x180.jpg,Soundtrack,Zoo,Shakira,77,77,2
2026-01-17,78,https://charts-static.billboard.com/img/2022/04/pesopluma-axe-180x180.jpg,Karaoke,Dopamina,Peso Pluma& Tito Double P,52,52,2
2026-01-17,79,https://charts-static.billboard.com/img/2006/07/taylor-swift-vug-180x180.jpg,Pop,Wi$h Li$t,Taylor Swift,73,6,12
2026-01-17,80,https://charts-static.billboard.com/img/2024/09/chasematthew-iyz-darlin-vto-180x180.jpg,Country,Darlin',Chase Matthew,68,52,15
2026-01-17,81,https://charts-static.billboard.com/img/2026/01/siennaspiro-o5d-youstoletheshow-18f-180x180.jpg,Pop,You Stole The Show,Sienna Spiro,-,81,1
2026-01-17,82,https://charts-static.billboard.com/img/2025/08/loeshimmy-000-3am-fvs-180x180.jpg,Hip-Hop/Rap,3am,Loe Shimmy &Don Toliver,71,71,8
2026-01-17,83,https://charts-static.billboard.com/img/2025/06/alexwarren-vcb-bloodline-b68-180x180.jpg,Pop,Bloodline,Alex WarrenWithJelly Roll,81,32,15
2026-01-17,84,https://charts-static.billboard.com/img/2011/05/tyler-the-creator-e8x-180x180.jpg,Pop,Sugar On My Tongue,"Tyler, The Creator",70,41,25
2026-01-17,85,https://charts-static.billboard.com/img/2016/03/daniel-caesar-2qj-180x180.jpg,R&B/Soul,Who Knows,Daniel Caesar,89,85,2
2026-01-17,86,https://charts-static.billboard.com/img/2025/04/phil-wickham-40z-whatanawesomegod-7dq-180x180.jpg,Christian,What An Awesome God,Phil Wickham,96,86,5
2026-01-17,87,https://charts-static.billboard.com/img/2018/09/themarias-mjs-180x180.jpg,Alternative,Sienna,The Marias,87,74,15
2026-01-17,88,https://charts-static.billboard.com/img/2022/04/pesopluma-axe-180x180.jpg,Música Mexicana,Dano,Peso Pluma& Tito Double P,75,75,2
2026-01-17,89,https://charts-static.billboard.com/img/2025/05/katseye-xrz-gnarly-hxi-180x180.jpg,Pop,Gnarly,KATSEYE,82,82,13
2026-01-17,90,https://charts-static.billboard.com/img/2025/12/h3adband-aka-boo-efn-180x180.jpg,Hip-Hop/Rap,BOO,H3adband,91,90,2
2026-01-17,91,https://charts-static.billboard.com/img/2022/01/oliviadean-8k4-180x180.jpg,Pop,Baby Steps,Olivia Dean,99,91,2
2026-01-17,92,https://charts-static.billboard.com/img/2025/02/georgebirge-000-itwontbelong-plv-180x180.jpg,Country,It Won't Be Long,George Birge,80,80,2
2026-01-17,93,https://charts-static.billboard.com/img/2006/07/taylor-swift-vug-180x180.jpg,Pop,The Life Of A Showgirl,Taylor SwiftFeaturingSabrina Carpenter,85,8,11
2026-01-17,94,https://charts-static.billboard.com/img/2025/06/addisonrae-byp-fameisagun-v70-180x180.jpg,Pop,Fame Is A Gun,Addison Rae,-,73,4
2026-01-17,95,https://charts-static.billboard.com/img/2024/09/emmanuelcortes-60h-amor-mwo-180x180.jpg,Música Mexicana,Amor,Emmanuel Cortes,90,90,4
2026-01-17,96,https://charts-static.billboard.com/img/2013/09/ty-dolla-sign-c0d-180x180.jpg,Pop,Don't Kill The Party,Ty Dolla $ignFeaturingQuavo&Juicy J,-,96,1
2026-01-17,97,https://charts-static.billboard.com/img/2024/10/jelly-roll-7m0-heartofstone-9jj-180x180.jpg,Pop,Heart Of Stone,Jelly Roll,84,53,15
2026-01-17,98,https://charts-static.billboard.com/img/2023/05/josiahqueen-bgh-180x180.jpg,Pop,Dusty Bibles,Josiah Queen,-,92,2
2026-01-17,99,https://charts-static.billboard.com/img/2022/01/oliviadean-8k4-180x180.jpg,Pop,I've Seen It,Olivia Dean,-,99,1
2026-01-17,100,https://charts-static.billboard.com/img/2025/05/pinkpantheress-j53-stateside-ska-180x180.jpg,Pop,Stateside,PinkPantheressWithZara Larsson,-,100,1
2026-01-10,1,https://charts-static.billboard.com/img/2025/10/taylor-swift-vug-thefateofophelia-ki7-180x180.jpg,Pop,The Fate Of Ophelia,Taylor Swift,28,1,13
2026-01-10,2,https://charts-static.billboard.com/img/2025/07/huntrxejaeaudreynunareiami-o2t-golden-ozh-180x180.jpg,K-Pop,Golden,"HUNTR/X: EJAE, Audrey Nuna & REI AMI",25,1,28
2026-01-10,3,https://charts-static.billboard.com/img/2025/02/alexwarren-vcb-ordinary-jb8-180x180.jpg,Pop,Ordinary,Alex Warren,-,1,46
2026-01-10,4,https://charts-static.billboard.com/img/2025/08/oliviadean-8k4-manineed-jej-180x180.jpg,Pop,Man I Need,Olivia Dean,36,4,19
2026-01-10,5,https://charts-static.billboard.com/img/2025/11/ellalangley-0yx-choosintexas-3s2-180x180.jpg,Country,Choosin' Texas,Ella Langley,48,5,11
2026-01-10,6,https://charts-static.billboard.com/img/2025/06/kehlani-b5q-folded-beh-180x180.jpg,R&B/Soul,Folded,Kehlani,51,6,29
2026-01-10,7,https://charts-static.billboard.com/img/2025/02/sombr-2ps-backtofriends-xkb-180x180.jpg,Alternative,Back To Friends,sombr,52,7,40
2026-01-10,8,https://charts-static.billboard.com/img/2025/10/taylor-swift-vug-opalite-05j-180x180.jpg,Pop,Opalite,Taylor Swift,54,2,13
2026-01-10,9,https://charts-static.billboard.com/img/2024/10/leonthomas-y3w-mutt-ch5-180x180.jpg,R&B/Soul,Mutt,Leon Thomas,-,6,47
2026-01-10,10,https://charts-static.billboard.com/img/2009/07/justin-bieber-dj8-180x180.jpg,Pop,Daisies,Justin Bieber,-,2,24
2026-01-10,11,https://charts-static.billboard.com/img/2025/05/morgan-wallen-eos-igotbetter-8s9-180x180.jpg,Country,I Got Better,Morgan Wallen,-,7,29
2026-01-10,12,https://charts-static.billboard.com/img/2025/12/poohshiesty-klv-fdo-1pe-180x180.jpg,Hip-Hop/Rap,FDO,Pooh Shiesty,53,12,3
2026-01-10,13,https://charts-static.billboard.com/img/2025/10/raye-azb-whereismyhusband-mtb-180x180.jpg,Pop,Where Is My Husband!,RAYE,56,13,14
2026-01-10,14,https://charts-static.billboard.com/img/2022/01/oliviadean-8k4-180x180.jpg,Pop,So Easy (To Fall In Love),Olivia Dean,57,14,14
2026-01-10,15,https://charts-static.billboard.com/img/2025/05/morgan-wallen-eos-20cigarettes-37w-180x180.jpg,Country,20 Cigarettes,Morgan Wallen,60,15,32
2026-01-10,16,https://charts-static.billboard.com/img/2024/02/djo-fyo-endofbeginning-lak-180x180.jpg,Alternative,End Of Beginning,Djo,-,11,22
2026-01-10,17,https://charts-static.billboard.com/img/2025/08/chris-brown-cyh-itdepends-6sf-180x180.jpg,R&B/Soul,It Depends,Chris BrownFeaturingBryson Tiller,-,16,22
2026-01-10,18,https://charts-static.billboard.com/img/2025/06/sabrina-carpenter-l0r-manchild-cmz-180x180.jpg,Pop,Manchild,Sabrina Carpenter,-,1,26
2026-01-10,19,https://charts-static.billboard.com/img/2016/08/morgan-wallen-eos-180x180.jpg,Pop,What I Want,Morgan WallenFeaturingTate McRae,-,1,28
2026-01-10,20,https://charts-static.billboard.com/img/2025/10/tatemcrae-vd8-titfortat-qq9-180x180.jpg,Pop,Tit For Tat,Tate McRae,58,3,14
2026-01-10,21,https://charts-static.billboard.com/img/2026/01/lil-uzi-vert-z30-whatyousaying-y59-180x180.jpg,Hip-Hop/Rap,What You Saying,Lil Uzi Vert,-,21,1
2026-01-10,22,https://charts-static.billboard.com/img/2025/07/katseye-xrz-gabriela-iea-180x180.jpg,Pop,Gabriela,KATSEYE,63,22,24
2026-01-10,23,https://charts-static.billboard.com/img/2024/11/riley-green-flo-dontmindifido-5mc-180x180.jpg,Pop,Don't Mind If I Do,Riley GreenFeaturing Ella Langley,62,23,22
2026-01-10,24,https://charts-static.billboard.com/img/2025/01/ravynlenae-qqs-lovemenot-et7-180x180.jpg,Pop,Love Me Not,Ravyn Lenae,-,5,35
2026-01-10,25,https://charts-static.billboard.com/img/2016/09/gunna-t8f-180x180.jpg,Pop,wgft,GunnaFeaturingBurna Boy,59,25,21
2026-01-10,26,https://charts-static.billboard.com/img/2024/05/mylessmith-w4f-180x180.jpg,Singer/Songwriter,Nice To Meet You,Myles Smith,-,26,29
2026-01-10,27,https://charts-static.billboard.com/img/2021/01/mariahthescientist-nuo-180x180.jpg,R&B/Soul,Is It A Crime,Mariah The Scientist&Kali Uchis,61,27,21
2026-01-10,28,https://charts-static.billboard.com/img/2023/02/bigxthaplug-b4l-180x180.jpg,Hip-Hop/Rap,Hell At Night,BigXthaPlug Featuring Ella Langley,66,28,21
2026-01-10,29,https://charts-static.billboard.com/img/2025/03/russell-dickerson-aem-happentome-tcj-180x180.jpg,Pop,Happen To Me,Russell Dickerson,69,28,37
2026-01-10,30,https://charts-static.billboard.com/img/2009/07/justin-bieber-dj8-180x180.jpg,Pop,Yukon,Justin Bieber,65,17,25
2026-01-10,31,https://charts-static.billboard.com/img/2025/07/meganmoroney-ugl-6monthslater-74i-180x180.jpg,Pop,6 Months Later,Megan Moroney,73,30,28
2026-01-10,32,https://charts-static.billboard.com/img/2024/11/maxmcnown-0ht-bettermeforyoubrowneyes-h8h-180x180.jpg,Country,Better Me For You (Brown Eyes),Max McNown,74,32,29
2026-01-10,33,https://charts-static.billboard.com/img/2024/11/hudsonwestbrook-9ly-houseagain-zq0-180x180.jpg,Country,House Again,Hudson Westbrook,70,33,37
2026-01-10,34,https://charts-static.billboard.com/img/2025/05/cody-johnson-0vx-thefall-rvi-180x180.jpg,Country,The Fall,Cody Johnson,76,34,14
2026-01-10,35,https://charts-static.billboard.com/img/2025/07/sajaboysandrewchoineckwavdannychungkevinwoosamuillee-bpl-sodapop-81d-180x180.jpg,Pop,Soda Pop,"Saja Boys: Andrew Choi, Neckwav, Danny Chung, Kevin Woo & samUIL Lee",-,3,23
2026-01-10,36,https://charts-static.billboard.com/img/2025/11/oliviadean-8k4-acoupleminutes-of9-180x180.jpg,Pop,A Couple Minutes,Olivia Dean,68,36,10
2026-01-10,37,https://charts-static.billboard.com/img/2025/09/sabrina-carpenter-l0r-tears-3zb-180x180.jpg,Pop,Tears,Sabrina Carpenter,71,3,18
2026-01-10,38,https://charts-static.billboard.com/img/2025/11/esdeekid-laa-180x180.jpg,Pop,4 Raws,EsDeeKid,64,38,3
2026-01-10,39,https://charts-static.billboard.com/img/2019/01/shaboozey-2wm-180x180.jpg,Country,Amen,Shaboozey&Jelly Roll,79,39,34
2026-01-10,40,https://charts-static.billboard.com/img/2025/06/discolines-hzk-nobrokeboys-gbu-180x180.jpg,Pop,No Broke Boys,Disco Lines &Tinashe,-,36,21
2026-01-10,41,https://charts-static.billboard.com/img/2025/07/sajaboysandrewchoineckwavdannychungkevinwoosamuillee-bpl-youridol-tim-180x180.jpg,Pop,Your Idol,"Saja Boys: Andrew Choi, Neckwav, Danny Chung, Kevin Woo & samUIL Lee",-,4,24
2026-01-10,42,https://charts-static.billboard.com/img/2025/04/hardy-rmc-favoritecountrysong-jny-180x180.jpg,Country,Favorite Country Song,HARDY,80,42,10
2026-01-10,43,https://charts-static.billboard.com/img/2008/04/she-him-5u4-180x180.jpg,Rock,I Thought I Saw Your Face Today,She & Him,72,43,4
2026-01-10,44,https://charts-static.billboard.com/img/2025/08/sombr-2ps-12to12-142-180x180.jpg,Alternative,12 To 12,sombr,83,41,20
2026-01-10,45,https://charts-static.billboard.com/img/2025/07/huntrxejaeaudreynunareiami-o2t-howitsdone-3mh-180x180.jpg,K-Pop,How It's Done,"HUNTR/X: EJAE, Audrey Nuna & REI AMI",-,8,23
2026-01-10,46,https://charts-static.billboard.com/img/2025/10/luke-combs-s5l-dayslikethese-eep-180x180.jpg,Country,Days Like These,Luke Combs,87,46,10
2026-01-10,47,https://charts-static.billboard.com/img/2024/08/gavinadcock-zdi-180x180.jpg,Pop,Last One To Know,Gavin Adcock,89,47,20
2026-01-10,48,https://charts-static.billboard.com/img/2025/05/youngboy-never-broke-again-ak3-shotcallin-a7o-180x180.jpg,Hip-Hop/Rap,Shot Callin,YoungBoy Never Broke Again,75,43,16
2026-01-10,49,https://charts-static.billboard.com/img/2025/09/jason-aldean-903-howfardoesagoodbyego-vgz-180x180.jpg,Country,How Far Does A Goodbye Go,Jason Aldean,86,49,12
2026-01-10,50,https://charts-static.billboard.com/img/2025/01/parmalee-3ux-cowgirl-thf-180x180.jpg,Country,Cowgirl,Parmalee,90,50,5
2026-01-10,51,https://charts-static.billboard.com/img/2013/08/metro-boomin-koo-180x180.jpg,Hip-Hop/Rap,Take Me Thru Dere,"Metro Boomin,Quavo, Breskii & YKNIECE",77,51,14
2026-01-10,52,https://charts-static.billboard.com/img/2022/04/pesopluma-axe-180x180.jpg,Karaoke,Dopamina,Peso Pluma& Tito Double P,-,52,1
2026-01-10,53,https://charts-static.billboard.com/img/2025/11/tyla-8f0-chanel-gkl-180x180.jpg,Pop,Chanel,Tyla,82,53,3
2026-01-10,54,https://charts-static.billboard.com/img/2016/03/cardi-b-tfu-180x180.jpg,Hip-Hop/Rap,ErrTime,Cardi B,78,43,14
2026-01-10,55,https://charts-static.billboard.com/img/2025/11/cody-johnson-0vx-travelinsoldier-cvg-180x180.jpg,Country,Travelin' Soldier,Cody Johnson,97,12,8
2026-01-10,56,https://charts-static.billboard.com/img/2025/08/alexwarren-vcb-eternity-s7w-180x180.jpg,Pop,Eternity,Alex Warren,91,16,18
2026-01-10,57,https://charts-static.billboard.com/img/2025/10/david-guetta-0qb-gonegonegone-bic-180x180.jpg,Pop,Gone Gone Gone,"David Guetta,Teddy Swims&Tones And I",92,57,5
2026-01-10,58,https://charts-static.billboard.com/img/2025/09/ed-sheeran-5jf-camera-2jx-180x180.jpg,Pop,Camera,Ed Sheeran,85,58,16
2026-01-10,59,https://charts-static.billboard.com/img/2025/10/taylor-swift-vug-elizabethtaylor-fes-180x180.jpg,Pop,Elizabeth Taylor,Taylor Swift,93,3,13
2026-01-10,60,https://charts-static.billboard.com/img/2025/05/morgan-wallen-eos-iaintcomingback-l13-180x180.jpg,Country,I Ain't Coming Back,Morgan WallenFeaturingPost Malone,95,8,29
2026-01-10,61,https://charts-static.billboard.com/img/2016/08/21-savage-6vl-180x180.jpg,Electronic,Mr Recoup,21 Savage&Drake,67,51,3
2026-01-10,62,https://charts-static.billboard.com/img/2025/10/tame-impala-nyr-dracula-dtm-180x180.jpg,Alternative,Dracula,Tame Impala,84,30,14
2026-01-10,63,https://charts-static.billboard.com/img/2014/06/sabrina-carpenter-l0r-180x180.jpg,Pop,Such A Funny Way,Sabrina Carpenter,-,63,1
2026-01-10,64,https://charts-static.billboard.com/img/2025/11/meganmoroney-ugl-beautifulthings-3dm-180x180.jpg,Country,Beautiful Things,Megan Moroney,-,64,5
2026-01-10,65,https://charts-static.billboard.com/img/2025/04/blake-shelton-d4t-staycountryordietryin-k52-180x180.jpg,Pop,Stay Country Or Die Tryin',Blake Shelton,-,65,1
2026-01-10,66,https://charts-static.billboard.com/img/2014/06/sabrina-carpenter-l0r-180x180.jpg,Pop,When Did You Get Hot?,Sabrina Carpenter,-,17,16
2026-01-10,67,https://charts-static.billboard.com/img/2025/11/esdeekid-laa-180x180.jpg,Electronic,Phantom,EsDeeKid & Rico Ace,81,67,2
2026-01-10,68,https://charts-static.billboard.com/img/2024/09/chasematthew-iyz-darlin-vto-180x180.jpg,Country,Darlin',Chase Matthew,-,52,14
2026-01-10,69,https://charts-static.billboard.com/img/2025/11/siennaspiro-o5d-dieonthishill-f28-180x180.jpg,Pop,Die On This Hill,Sienna Spiro,100,69,2
2026-01-10,70,https://charts-static.billboard.com/img/2011/05/tyler-the-creator-e8x-180x180.jpg,Pop,Sugar On My Tongue,"Tyler, The Creator",98,41,24
2026-01-10,71,https://charts-static.billboard.com/img/2025/08/loeshimmy-000-3am-fvs-180x180.jpg,Hip-Hop/Rap,3am,Loe Shimmy &Don Toliver,96,71,7
2026-01-10,72,https://charts-static.billboard.com/img/2006/07/taylor-swift-vug-180x180.jpg,Pop,Father Figure,Taylor Swift,-,4,12
2026-01-10,73,https://charts-static.billboard.com/img/2006/07/taylor-swift-vug-180x180.jpg,Pop,Wi$h Li$t,Taylor Swift,-,6,11
2026-01-10,74,https://charts-static.billboard.com/img/2025/09/oliviadean-8k4-nicetoeachother-lqm-180x180.jpg,Pop,Nice To Each Other,Olivia Dean,-,74,10
2026-01-10,75,https://charts-static.billboard.com/img/2022/04/pesopluma-axe-180x180.jpg,Música Mexicana,Dano,Peso Pluma& Tito Double P,-,75,1
2026-01-10,76,https://charts-static.billboard.com/img/2022/04/pesopluma-axe-180x180.jpg,Pop,Ni Pedo,Peso Pluma& Tito Double P,-,76,1
2026-01-10,77,https://charts-static.billboard.com/img/2025/11/shakira-5cv-zoo-7lp-180x180.jpg,Soundtrack,Zoo,Shakira,-,77,1
2026-01-10,78,https://charts-static.billboard.com/img/2022/01/oliviadean-8k4-180x180.jpg,Pop,Let Alone The One You Love,Olivia Dean,-,78,5
2026-01-10,79,https://charts-static.billboard.com/img/2022/04/pesopluma-axe-180x180.jpg,Pop,Bckpckbyz,Peso Pluma& Tito Double P,-,79,1
2026-01-10,80,https://charts-static.billboard.com/img/2025/02/georgebirge-000-itwontbelong-plv-180x180.jpg,Country,It Won't Be Long,George Birge,-,80,1
2026-01-10,81,https://charts-static.billboard.com/img/2025/06/alexwarren-vcb-bloodline-b68-180x180.jpg,Pop,Bloodline,Alex WarrenWithJelly Roll,-,32,14
2026-01-10,82,https://charts-static.billboard.com/img/2025/05/katseye-xrz-gnarly-hxi-180x180.jpg,Pop,Gnarly,KATSEYE,-,82,12
2026-01-10,83,https://charts-static.billboard.com/img/2024/03/tuckerwetmore-ras-180x180.jpg,Country,Brunette,Tucker Wetmore,-,83,1
2026-01-10,84,https://charts-static.billboard.com/img/2024/10/jelly-roll-7m0-heartofstone-9jj-180x180.jpg,Pop,Heart Of Stone,Jelly Roll,-,53,14
2026-01-10,85,https://charts-static.billboard.com/img/2006/07/taylor-swift-vug-180x180.jpg,Pop,The Life Of A Showgirl,Taylor SwiftFeaturingSabrina Carpenter,-,8,10
2026-01-10,86,https://charts-static.billboard.com/img/2016/08/suicideboys-d17-180x180.jpg,Pop,Leviticus,$uicideboy$,-,86,1
2026-01-10,87,https://charts-static.billboard.com/img/2018/09/themarias-mjs-180x180.jpg,Alternative,Sienna,The Marias,-,74,14
2026-01-10,88,https://charts-static.billboard.com/img/2025/10/youngboy-never-broke-again-ak3-whatyouis-1u0-180x180.jpg,Pop,What You Is,YoungBoy Never Broke Again& Mellow Rackz,-,75,8
2026-01-10,89,https://charts-static.billboard.com/img/2016/03/daniel-caesar-2qj-180x180.jpg,R&B/Soul,Who Knows,Daniel Caesar,-,89,1
2026-01-10,90,https://charts-static.billboard.com/img/2024/09/emmanuelcortes-60h-amor-mwo-180x180.jpg,Música Mexicana,Amor,Emmanuel Cortes,-,90,3
2026-01-10,91,https://charts-static.billboard.com/img/2025/12/h3adband-aka-boo-efn-180x180.jpg,Hip-Hop/Rap,BOO,H3adband,-,91,1
2026-01-10,92,https://charts-static.billboard.com/img/2016/03/cardi-b-tfu-180x180.jpg,Pop,Safe,Cardi BFeaturingKehlani,-,26,11
2026-01-10,93,https://charts-static.billboard.com/img/2025/12/kato-m47-turnthelightsoff-9t4-180x180.jpg,Pop,Turn The Lights Off,KATO Featuring Jon,99,82,3
2026-01-10,94,https://charts-static.billboard.com/img/2025/11/nf-v2k-fear-0x2-180x180.jpg,Hip-Hop/Rap,Fear,NF,-,35,3
2026-01-10,95,https://charts-static.billboard.com/img/2024/10/tymyers-tki-endsoftheearth-7v3-180x180.jpg,Country,Ends Of The Earth,Ty Myers,-,94,2
2026-01-10,96,https://charts-static.billboard.com/img/2025/04/phil-wickham-40z-whatanawesomegod-7dq-180x180.jpg,Christian,What An Awesome God,Phil Wickham,-,96,4
2026-01-10,97,https://charts-static.billboard.com/img/2019/11/tatemcrae-vd8-180x180.jpg,Pop,Nobody's Girl,Tate McRae,-,29,4
2026-01-10,98,https://charts-static.billboard.com/img/2025/10/madison-beer-u5k-bittersweet-dmw-180x180.jpg,Pop,Bittersweet,Madison Beer,-,98,1
2026-01-10,99,https://charts-static.billboard.com/img/2022/01/oliviadean-8k4-180x180.jpg,Pop,Baby Steps,Olivia Dean,-,99,1
2026-01-10,100,https://charts-static.billboard.com/img/2016/10/bad-bunny-74k-180x180.jpg,Pop,Voy A Llevarte Pa PR,Bad Bunny,-,17,14
2026-01-03,1,https://charts-static.billboard.com/img/1994/12/mariah-carey-qmg-alliwantforchristmasisyou-7ve-180x180.jpg,Pop,All I Want For Christmas Is You,Mariah Carey,1,1,79
2026-01-03,2,https://charts-static.billboard.com/img/1960/12/brenda-lee-we3-rockinaroundthechristmastree-lnw-180x180.jpg,Pop,Rockin' Around The Christmas Tree,Brenda Lee,3,1,71
2026-01-03,3,https://charts-static.billboard.com/img/1958/12/bobby-helms-elv-jinglebellrock-dkg-180x180.jpg,Pop,Jingle Bell Rock,Bobby Helms,2,2,68
2026-01-03,4,https://charts-static.billboard.com/img/1998/01/wham-pyz-lastchristmas-xhm-180x180.jpg,Pop,Last Christmas,Wham!,4,2,53
2026-01-03,5,https://charts-static.billboard.com/img/2014/12/ariana-grande-i9s-santatellme-st8-180x180.jpg,Pop,Santa Tell Me,Ariana Grande,5,5,36
2026-01-03,6,https://charts-static.billboard.com/img/1960/12/nat-king-cole-4rw-thechristmassongmerrychristmastoyou-t9m-180x180.jpg,Pop,The Christmas Song (Merry Christmas To You),"Nat ""King"" Cole",6,6,56
2026-01-03,7,https://charts-static.billboard.com/img/2011/12/dean-martin-000-letitsnowletitsnowletitsnow-ipd-180x180.jpg,Pop,Let It Snow! Let It Snow! Let It Snow!,Dean Martin,8,7,42
2026-01-03,8,https://charts-static.billboard.com/img/2013/11/kelly-clarkson-60b-underneaththetree-hcd-180x180.jpg,Pop,Underneath The Tree,Kelly Clarkson,7,7,39
2026-01-03,9,https://charts-static.billboard.com/img/2001/12/andy-williams-6it-itsthemostwonderfultimeoftheyear-8ww-180x180.jpg,Pop,It's The Most Wonderful Time Of The Year,Andy Williams,9,5,52
2026-01-03,10,https://charts-static.billboard.com/img/2001/12/the-ronettes-ae9-sleighride-k35-180x180.jpg,Pop,Sleigh Ride,The Ronettes,12,8,39
2026-01-03,11,https://charts-static.billboard.com/img/1998/01/jose-feliciano-dak-feliznavidad-eq3-180x180.jpg,Pop,Feliz Navidad,Jose Feliciano,14,6,43
2026-01-03,12,https://charts-static.billboard.com/img/1998/01/burl-ives-2ew-ahollyjollychristmas-iae-180x180.jpg,Pop,A Holly Jolly Christmas,Burl Ives,16,4,51
2026-01-03,13,https://charts-static.billboard.com/img/2003/03/michael-buble-qem-180x180.jpg,Pop,It's Beginning To Look A Lot Like Christmas,Michael Buble,13,12,31
2026-01-03,14,https://charts-static.billboard.com/img/2014/12/darlene-love-4un-christmasbabypleasecomehome-430-180x180.jpg,Pop,Christmas (Baby Please Come Home),Darlene Love,17,14,32
2026-01-03,15,https://charts-static.billboard.com/img/1958/12/chuck-berry-7i5-runrudolphrun-bp6-180x180.jpg,Pop,Run Rudolph Run,Chuck Berry,19,10,31
2026-01-03,16,https://charts-static.billboard.com/img/1958/12/bing-crosby-000-whitechristmas1947-imr-180x180.jpg,Pop,White Christmas (1947),Bing CrosbyWith Ken Darby Singers & John Scott Trotter & His Orchestra,20,12,44
2026-01-03,17,https://charts-static.billboard.com/img/2012/12/frank-sinatra-plj-jinglebells-vgd-180x180.jpg,Pop,Jingle Bells,Frank SinatraWith The Orchestra & Chorus Of Gordon Jenkins,21,16,23
2026-01-03,18,https://charts-static.billboard.com/img/1958/08/perry-como-aux-180x180.jpg,Pop,It's Beginning To Look A Lot Like Christmas,Perry ComoAnd The Fontane Sisters WithMitchell Ayres And His Orchestra,23,12,32
2026-01-03,19,https://charts-static.billboard.com/img/2004/12/eartha-kitt-gmf-santababy-6tx-180x180.jpg,Pop,Santa Baby,Eartha KittWith Henri Rene And His Orchestra,24,19,17
2026-01-03,20,https://charts-static.billboard.com/img/2018/01/nat-king-cole-4rw-deckthehalls-cvy-180x180.jpg,Pop,Deck The Halls,Nat King Cole,25,16,22
2026-01-03,21,https://charts-static.billboard.com/img/1998/01/elvis-presley-7uo-bluechristmas-sbf-180x180.jpg,Pop,Blue Christmas,Elvis Presley,27,18,21
2026-01-03,22,https://charts-static.billboard.com/img/2003/12/gene-autry-ry1-herecomessantaclausrightdownsantaclauslane-9tl-180x180.jpg,Pop,Here Comes Santa Claus (Right Down Santa Claus Lane),Gene Autry,28,21,29
2026-01-03,23,https://charts-static.billboard.com/img/1962/12/vince-guaraldi-trio-fha-180x180.jpg,Pop,Christmastime Is Here,Vince Guaraldi Trio,36,23,11
2026-01-03,24,https://charts-static.billboard.com/img/1978/12/eagles-3gb-pleasecomehomeforchristmas-pgy-180x180.jpg,Rock,Please Come Home For Christmas,Eagles,33,18,21
2026-01-03,25,https://charts-static.billboard.com/img/2025/07/huntrxejaeaudreynunareiami-o2t-golden-ozh-180x180.jpg,K-Pop,Golden,"HUNTR/X: EJAE, Audrey Nuna & REI AMI",11,1,27
2026-01-03,26,https://charts-static.billboard.com/img/1996/01/paul-mccartney-grq-wonderfulchristmastime-xyz-180x180.jpg,Pop,Wonderful Christmastime,Paul McCartney,32,26,20
2026-01-03,27,https://charts-static.billboard.com/img/2019/11/jonas-brothers-f8u-likeitschristmas-y6k-180x180.jpg,Pop,Like It's Christmas,Jonas Brothers,29,27,13
2026-01-03,28,https://charts-static.billboard.com/img/2025/10/taylor-swift-vug-thefateofophelia-ki7-180x180.jpg,Pop,The Fate Of Ophelia,Taylor Swift,10,1,12
2026-01-03,29,https://charts-static.billboard.com/img/2009/07/justin-bieber-dj8-180x180.jpg,Pop,Mistletoe,Justin Bieber,43,11,18
2026-01-03,30,https://charts-static.billboard.com/img/1998/12/gene-autry-ry1-rudolphtherednosedreindeer-ujc-180x180.jpg,Pop,Rudolph The Red-Nosed Reindeer,Gene Autry& The Pinafores,35,16,33
2026-01-03,31,https://charts-static.billboard.com/img/2021/12/kelly-clarkson-60b-santacantyouhearme-hin-180x180.jpg,Pop,"Santa, Can't You Hear Me",Kelly Clarkson&Ariana Grande,38,31,8
2026-01-03,32,https://charts-static.billboard.com/img/2001/12/the-beach-boys-000-littlesaintnick-4t8-180x180.jpg,Pop,Little Saint Nick,The Beach Boys,41,25,15
2026-01-03,33,https://charts-static.billboard.com/img/2003/03/michael-buble-qem-180x180.jpg,Pop,Holly Jolly Christmas,Michael Buble,40,33,5
2026-01-03,34,https://charts-static.billboard.com/img/2009/12/thurl-ravenscroft-000-youreameanonemrgrinch-k4l-180x180.jpg,Pop,"You're A Mean One, Mr. Grinch",Thurl Ravenscroft,39,31,17
2026-01-03,35,https://charts-static.billboard.com/img/2008/12/dean-martin-mm0-180x180.jpg,Pop,Baby It's Cold Outside,Dean Martin,45,35,6
2026-01-03,36,https://charts-static.billboard.com/img/2025/08/oliviadean-8k4-manineed-jej-180x180.jpg,Pop,Man I Need,Olivia Dean,18,4,18
2026-01-03,37,https://charts-static.billboard.com/img/2021/12/ed-sheeran-5jf-merrychristmas-pjm-180x180.jpg,Pop,Merry Christmas,Ed Sheeran&Elton John,42,37,12
2026-01-03,38,https://charts-static.billboard.com/img/1958/08/perry-como-aux-180x180.jpg,Pop,(There's No Place Like) Home For The Holidays (1959),Perry ComoWith Mitchell Ayers And His Orchestra,46,22,16
2026-01-03,39,https://charts-static.billboard.com/img/1997/01/donny-hathaway-000-thischristmas-2cc-180x180.jpg,Pop,This Christmas,Donny Hathaway,47,34,10
2026-01-03,40,https://charts-static.billboard.com/img/2018/12/darlene-love-4un-winterwonderland-foc-180x180.jpg,Pop,Winter Wonderland,Darlene Love,50,40,5
2026-01-03,41,https://charts-static.billboard.com/img/2019/11/sia-go1-snowman-7oj-180x180.jpg,Pop,Snowman,Sia,-,41,2
2026-01-03,42,https://charts-static.billboard.com/img/1958/09/andy-williams-6it-180x180.jpg,Pop,Happy Holiday / The Holiday Season,Andy Williams,49,18,24
2026-01-03,43,https://charts-static.billboard.com/img/2002/01/the-jacksons-000-santaclausiscomintotown-vkq-180x180.jpg,Pop,Santa Claus Is Comin' To Town,Jackson 5,48,30,15
2026-01-03,44,https://charts-static.billboard.com/img/1969/11/jackson5-pwt-180x180.jpg,Pop,I Saw Mommy Kissing Santa Claus,Jackson 5,-,43,2
2026-01-03,45,https://charts-static.billboard.com/img/1996/01/john-lennon-36u-happyxmaswarisover-xlh-180x180.jpg,Pop,Happy Xmas (War Is Over),John & Yoko/The Plastic Ono Band With The Harlem Community Choir,-,38,7
2026-01-03,46,https://charts-static.billboard.com/img/2000/11/gwen-stefani-m9c-180x180.jpg,Pop,You Make It Feel Like Christmas,Gwen StefaniFeaturingBlake Shelton,-,46,2
2026-01-03,47,https://charts-static.billboard.com/img/2012/12/vince-guaraldi-trio-fha-linusandlucypeanutstheme-y3d-180x180.jpg,Pop,Linus And Lucy (Peanuts Theme),Vince Guaraldi Trio,-,37,4
2026-01-03,48,https://charts-static.billboard.com/img/2025/11/ellalangley-0yx-choosintexas-3s2-180x180.jpg,Country,Choosin' Texas,Ella Langley,26,11,10
2026-01-03,49,https://charts-static.billboard.com/img/2014/12/bing-crosby-000-melekalikimakamerrychristmas-bwr-180x180.jpg,Pop,Mele Kalikimaka (Merry Christmas),Bing Crosby& The Andrews Sisters,-,36,2
2026-01-03,50,https://charts-static.billboard.com/img/2017/12/bing-crosby-000-illbehomeforchristmas-qf3-180x180.jpg,Pop,I'll Be Home For Christmas,Bing CrosbyWith John Scott Trotter And His Orchestra,-,50,2
2026-01-03,51,https://charts-static.billboard.com/img/2025/06/kehlani-b5q-folded-beh-180x180.jpg,R&B/Soul,Folded,Kehlani,34,7,28
2026-01-03,52,https://charts-static.billboard.com/img/2025/02/sombr-2ps-backtofriends-xkb-180x180.jpg,Alternative,Back To Friends,sombr,30,10,39
2026-01-03,53,https://charts-static.billboard.com/img/2025/12/poohshiesty-klv-fdo-1pe-180x180.jpg,Hip-Hop/Rap,FDO,Pooh Shiesty,22,22,2
2026-01-03,54,https://charts-static.billboard.com/img/2025/10/taylor-swift-vug-opalite-05j-180x180.jpg,Pop,Opalite,Taylor Swift,37,2,12
2026-01-03,55,https://charts-static.billboard.com/img/2025/11/gwen-stefani-m9c-shakethesnowglobe-vm7-180x180.jpg,Pop,Shake The Snow Globe,Gwen Stefani,71,55,4
2026-01-03,56,https://charts-static.billboard.com/img/2025/10/raye-azb-whereismyhusband-mtb-180x180.jpg,Pop,Where Is My Husband!,RAYE,53,37,13
2026-01-03,57,https://charts-static.billboard.com/img/2022/01/oliviadean-8k4-180x180.jpg,Pop,So Easy (To Fall In Love),Olivia Dean,54,18,13
2026-01-03,58,https://charts-static.billboard.com/img/2025/10/tatemcrae-vd8-titfortat-qq9-180x180.jpg,Pop,Tit For Tat,Tate McRae,56,3,13
2026-01-03,59,https://charts-static.billboard.com/img/2016/09/gunna-t8f-180x180.jpg,Pop,wgft,GunnaFeaturingBurna Boy,57,40,20
2026-01-03,60,https://charts-static.billboard.com/img/2025/05/morgan-wallen-eos-20cigarettes-37w-180x180.jpg,Country,20 Cigarettes,Morgan Wallen,58,20,31
2026-01-03,61,https://charts-static.billboard.com/img/2021/01/mariahthescientist-nuo-180x180.jpg,R&B/Soul,Is It A Crime,Mariah The Scientist&Kali Uchis,59,45,20
2026-01-03,62,https://charts-static.billboard.com/img/2024/11/riley-green-flo-dontmindifido-5mc-180x180.jpg,Pop,Don't Mind If I Do,Riley GreenFeaturing Ella Langley,55,32,21
2026-01-03,63,https://charts-static.billboard.com/img/2025/07/katseye-xrz-gabriela-iea-180x180.jpg,Pop,Gabriela,KATSEYE,60,31,23
2026-01-03,64,https://charts-static.billboard.com/img/2025/11/esdeekid-laa-180x180.jpg,Pop,4 Raws,EsDeeKid,95,64,2
2026-01-03,65,https://charts-static.billboard.com/img/2009/07/justin-bieber-dj8-180x180.jpg,Pop,Yukon,Justin Bieber,62,17,24
2026-01-03,66,https://charts-static.billboard.com/img/2023/02/bigxthaplug-b4l-180x180.jpg,Hip-Hop/Rap,Hell At Night,BigXthaPlug Featuring Ella Langley,64,35,20
2026-01-03,67,https://charts-static.billboard.com/img/2016/08/21-savage-6vl-180x180.jpg,Electronic,Mr Recoup,21 Savage&Drake,51,51,2
2026-01-03,68,https://charts-static.billboard.com/img/2025/11/oliviadean-8k4-acoupleminutes-of9-180x180.jpg,Pop,A Couple Minutes,Olivia Dean,69,55,9
2026-01-03,69,https://charts-static.billboard.com/img/2025/03/russell-dickerson-aem-happentome-tcj-180x180.jpg,Pop,Happen To Me,Russell Dickerson,63,28,36
2026-01-03,70,https://charts-static.billboard.com/img/2024/11/hudsonwestbrook-9ly-houseagain-zq0-180x180.jpg,Country,House Again,Hudson Westbrook,66,47,36
2026-01-03,71,https://charts-static.billboard.com/img/2025/09/sabrina-carpenter-l0r-tears-3zb-180x180.jpg,Pop,Tears,Sabrina Carpenter,67,3,17
2026-01-03,72,https://charts-static.billboard.com/img/2008/04/she-him-5u4-180x180.jpg,Rock,I Thought I Saw Your Face Today,She & Him,74,72,3
2026-01-03,73,https://charts-static.billboard.com/img/2025/07/meganmoroney-ugl-6monthslater-74i-180x180.jpg,Pop,6 Months Later,Megan Moroney,65,30,27
2026-01-03,74,https://charts-static.billboard.com/img/2024/11/maxmcnown-0ht-bettermeforyoubrowneyes-h8h-180x180.jpg,Country,Better Me For You (Brown Eyes),Max McNown,68,50,28
2026-01-03,75,https://charts-static.billboard.com/img/2025/05/youngboy-never-broke-again-ak3-shotcallin-a7o-180x180.jpg,Hip-Hop/Rap,Shot Callin,YoungBoy Never Broke Again,72,43,15
2026-01-03,76,https://charts-static.billboard.com/img/2025/05/cody-johnson-0vx-thefall-rvi-180x180.jpg,Country,The Fall,Cody Johnson,70,68,13
2026-01-03,77,https://charts-static.billboard.com/img/2013/08/metro-boomin-koo-180x180.jpg,Hip-Hop/Rap,Take Me Thru Dere,"Metro Boomin,Quavo, Breskii & YKNIECE",81,69,13
2026-01-03,78,https://charts-static.billboard.com/img/2016/03/cardi-b-tfu-180x180.jpg,Hip-Hop/Rap,ErrTime,Cardi B,83,43,13
2026-01-03,79,https://charts-static.billboard.com/img/2019/01/shaboozey-2wm-180x180.jpg,Country,Amen,Shaboozey&Jelly Roll,73,56,33
2026-01-03,80,https://charts-static.billboard.com/img/2025/04/hardy-rmc-favoritecountrysong-jny-180x180.jpg,Country,Favorite Country Song,HARDY,76,76,9
2026-01-03,81,https://charts-static.billboard.com/img/2025/11/esdeekid-laa-180x180.jpg,Electronic,Phantom,EsDeeKid & Rico Ace,-,81,1
2026-01-03,82,https://charts-static.billboard.com/img/2025/11/tyla-8f0-chanel-gkl-180x180.jpg,Pop,Chanel,Tyla,94,82,2
2026-01-03,83,https://charts-static.billboard.com/img/2025/08/sombr-2ps-12to12-142-180x180.jpg,Alternative,12 To 12,sombr,79,41,19
2026-01-03,84,https://charts-static.billboard.com/img/2025/10/tame-impala-nyr-dracula-dtm-180x180.jpg,Alternative,Dracula,Tame Impala,78,30,13
2026-01-03,85,https://charts-static.billboard.com/img/2025/09/ed-sheeran-5jf-camera-2jx-180x180.jpg,Pop,Camera,Ed Sheeran,88,58,15
2026-01-03,86,https://charts-static.billboard.com/img/2025/09/jason-aldean-903-howfardoesagoodbyego-vgz-180x180.jpg,Country,How Far Does A Goodbye Go,Jason Aldean,80,80,11
2026-01-03,87,https://charts-static.billboard.com/img/2025/10/luke-combs-s5l-dayslikethese-eep-180x180.jpg,Country,Days Like These,Luke Combs,87,79,9
2026-01-03,88,https://charts-static.billboard.com/img/2026/01/oliviadean-8k4-thechristmassong-wj5-180x180.jpg,Pop,The Christmas Song,Olivia Dean,-,88,1
2026-01-03,89,https://charts-static.billboard.com/img/2024/08/gavinadcock-zdi-180x180.jpg,Pop,Last One To Know,Gavin Adcock,90,54,19
2026-01-03,90,https://charts-static.billboard.com/img/2025/01/parmalee-3ux-cowgirl-thf-180x180.jpg,Country,Cowgirl,Parmalee,84,84,4
2026-01-03,91,https://charts-static.billboard.com/img/2025/08/alexwarren-vcb-eternity-s7w-180x180.jpg,Pop,Eternity,Alex Warren,75,16,17
2026-01-03,92,https://charts-static.billboard.com/img/2025/10/david-guetta-0qb-gonegonegone-bic-180x180.jpg,Pop,Gone Gone Gone,"David Guetta,Teddy Swims&Tones And I",92,91,4
2026-01-03,93,https://charts-static.billboard.com/img/2025/10/taylor-swift-vug-elizabethtaylor-fes-180x180.jpg,Pop,Elizabeth Taylor,Taylor Swift,85,3,12
2026-01-03,94,https://charts-static.billboard.com/img/2025/12/fall-out-boy-4lw-itfeelslikechristmas-g73-180x180.jpg,Alternative,It Feels Like Christmas,Fall Out Boy,-,94,1
2026-01-03,95,https://charts-static.billboard.com/img/2025/05/morgan-wallen-eos-iaintcomingback-l13-180x180.jpg,Country,I Ain't Coming Back,Morgan WallenFeaturingPost Malone,100,8,28
2026-01-03,96,https://charts-static.billboard.com/img/2025/08/loeshimmy-000-3am-fvs-180x180.jpg,Hip-Hop/Rap,3am,Loe Shimmy &Don Toliver,98,96,6
2026-01-03,97,https://charts-static.billboard.com/img/2025/11/cody-johnson-0vx-travelinsoldier-cvg-180x180.jpg,Country,Travelin' Soldier,Cody Johnson,91,12,7
2026-01-03,98,https://charts-static.billboard.com/img/2011/05/tyler-the-creator-e8x-180x180.jpg,Pop,Sugar On My Tongue,"Tyler, The Creator",96,41,23
2026-01-03,99,https://charts-static.billboard.com/img/2025/12/kato-m47-turnthelightsoff-9t4-180x180.jpg,Pop,Turn The Lights Off,KATO Featuring Jon,82,82,2
2026-01-03,100,https://charts-static.billboard.com/img/2025/11/siennaspiro-o5d-dieonthishill-f28-180x180.jpg,Pop,Die On This Hill,Sienna Spiro,-,100,1
2025-12-27,1,https://charts-static.billboard.com/img/1994/12/mariah-carey-qmg-alliwantforchristmasisyou-7ve-180x180.jpg,Pop,All I Want For Christmas Is You,Mariah Carey,1,1,78
2025-12-27,2,https://charts-static.billboard.com/img/1958/12/bobby-helms-elv-jinglebellrock-dkg-180x180.jpg,Pop,Jingle Bell Rock,Bobby Helms,4,2,67
2025-12-27,3,https://charts-static.billboard.com/img/1960/12/brenda-lee-we3-rockinaroundthechristmastree-lnw-180x180.jpg,Pop,Rockin' Around The Christmas Tree,Brenda Lee,2,1,70
2025-12-27,4,https://charts-static.billboard.com/img/1998/01/wham-pyz-lastchristmas-xhm-180x180.jpg,Pop,Last Christmas,Wham!,3,2,52
2025-12-27,5,https://charts-static.billboard.com/img/2014/12/ariana-grande-i9s-santatellme-st8-180x180.jpg,Pop,Santa Tell Me,Ariana Grande,5,5,35
2025-12-27,6,https://charts-static.billboard.com/img/1960/12/nat-king-cole-4rw-thechristmassongmerrychristmastoyou-t9m-180x180.jpg,Pop,The Christmas Song (Merry Christmas To You),"Nat ""King"" Cole",8,6,55
2025-12-27,7,https://charts-static.billboard.com/img/2013/11/kelly-clarkson-60b-underneaththetree-hcd-180x180.jpg,Pop,Underneath The Tree,Kelly Clarkson,9,7,38
2025-12-27,8,https://charts-static.billboard.com/img/2011/12/dean-martin-000-letitsnowletitsnowletitsnow-ipd-180x180.jpg,Pop,Let It Snow! Let It Snow! Let It Snow!,Dean Martin,11,7,41
2025-12-27,9,https://charts-static.billboard.com/img/2001/12/andy-williams-6it-itsthemostwonderfultimeoftheyear-8ww-180x180.jpg,Pop,It's The Most Wonderful Time Of The Year,Andy Williams,10,5,51
2025-12-27,10,https://charts-static.billboard.com/img/2025/10/taylor-swift-vug-thefateofophelia-ki7-180x180.jpg,Pop,The Fate Of Ophelia,Taylor Swift,7,1,11
2025-12-27,11,https://charts-static.billboard.com/img/2025/07/huntrxejaeaudreynunareiami-o2t-golden-ozh-180x180.jpg,K-Pop,Golden,"HUNTR/X: EJAE, Audrey Nuna & REI AMI",6,1,26
2025-12-27,12,https://charts-static.billboard.com/img/2001/12/the-ronettes-ae9-sleighride-k35-180x180.jpg,Pop,Sleigh Ride,The Ronettes,14,8,38
2025-12-27,13,https://charts-static.billboard.com/img/2003/03/michael-buble-qem-180x180.jpg,Pop,It's Beginning To Look A Lot Like Christmas,Michael Buble,13,12,30
2025-12-27,14,https://charts-static.billboard.com/img/1998/01/jose-feliciano-dak-feliznavidad-eq3-180x180.jpg,Pop,Feliz Navidad,Jose Feliciano,16,6,42
2025-12-27,15,https://charts-static.billboard.com/img/2025/02/alexwarren-vcb-ordinary-jb8-180x180.jpg,Pop,Ordinary,Alex Warren,12,1,45
2025-12-27,16,https://charts-static.billboard.com/img/1998/01/burl-ives-2ew-ahollyjollychristmas-iae-180x180.jpg,Pop,A Holly Jolly Christmas,Burl Ives,15,4,50
2025-12-27,17,https://charts-static.billboard.com/img/2014/12/darlene-love-4un-christmasbabypleasecomehome-430-180x180.jpg,Pop,Christmas (Baby Please Come Home),Darlene Love,18,15,31
2025-12-27,18,https://charts-static.billboard.com/img/2025/08/oliviadean-8k4-manineed-jej-180x180.jpg,Pop,Man I Need,Olivia Dean,17,4,17
2025-12-27,19,https://charts-static.billboard.com/img/1958/12/chuck-berry-7i5-runrudolphrun-bp6-180x180.jpg,Pop,Run Rudolph Run,Chuck Berry,21,10,30
2025-12-27,20,https://charts-static.billboard.com/img/1958/12/bing-crosby-000-whitechristmas1947-imr-180x180.jpg,Pop,White Christmas (1947),Bing CrosbyWith Ken Darby Singers & John Scott Trotter & His Orchestra,19,12,43
2025-12-27,21,https://charts-static.billboard.com/img/2012/12/frank-sinatra-plj-jinglebells-vgd-180x180.jpg,Pop,Jingle Bells,Frank SinatraWith The Orchestra & Chorus Of Gordon Jenkins,20,16,22
2025-12-27,22,https://charts-static.billboard.com/img/2025/12/poohshiesty-klv-fdo-1pe-180x180.jpg,Hip-Hop/Rap,FDO,Pooh Shiesty,-,22,1
2025-12-27,23,https://charts-static.billboard.com/img/1958/08/perry-como-aux-180x180.jpg,Pop,It's Beginning To Look A Lot Like Christmas,Perry ComoAnd The Fontane Sisters WithMitchell Ayres And His Orchestra,22,12,31
2025-12-27,24,https://charts-static.billboard.com/img/2004/12/eartha-kitt-gmf-santababy-6tx-180x180.jpg,Pop,Santa Baby,Eartha KittWith Henri Rene And His Orchestra,27,20,16
2025-12-27,25,https://charts-static.billboard.com/img/2018/01/nat-king-cole-4rw-deckthehalls-cvy-180x180.jpg,Pop,Deck The Halls,Nat King Cole,23,16,21
2025-12-27,26,https://charts-static.billboard.com/img/2025/11/ellalangley-0yx-choosintexas-3s2-180x180.jpg,Country,Choosin' Texas,Ella Langley,25,11,9
2025-12-27,27,https://charts-static.billboard.com/img/1998/01/elvis-presley-7uo-bluechristmas-sbf-180x180.jpg,Pop,Blue Christmas,Elvis Presley,29,18,20
2025-12-27,28,https://charts-static.billboard.com/img/2003/12/gene-autry-ry1-herecomessantaclausrightdownsantaclauslane-9tl-180x180.jpg,Pop,Here Comes Santa Claus (Right Down Santa Claus Lane),Gene Autry,28,21,28
2025-12-27,29,https://charts-static.billboard.com/img/2019/11/jonas-brothers-f8u-likeitschristmas-y6k-180x180.jpg,Pop,Like It's Christmas,Jonas Brothers,32,29,12
2025-12-27,30,https://charts-static.billboard.com/img/2025/02/sombr-2ps-backtofriends-xkb-180x180.jpg,Alternative,Back To Friends,sombr,26,10,38
2025-12-27,31,https://charts-static.billboard.com/img/2024/10/leonthomas-y3w-mutt-ch5-180x180.jpg,R&B/Soul,Mutt,Leon Thomas,24,6,46
2025-12-27,32,https://charts-static.billboard.com/img/1996/01/paul-mccartney-grq-wonderfulchristmastime-xyz-180x180.jpg,Pop,Wonderful Christmastime,Paul McCartney,33,26,19
2025-12-27,33,https://charts-static.billboard.com/img/1978/12/eagles-3gb-pleasecomehomeforchristmas-pgy-180x180.jpg,Rock,Please Come Home For Christmas,Eagles,34,18,20
2025-12-27,34,https://charts-static.billboard.com/img/2025/06/kehlani-b5q-folded-beh-180x180.jpg,R&B/Soul,Folded,Kehlani,30,7,27
2025-12-27,35,https://charts-static.billboard.com/img/1998/12/gene-autry-ry1-rudolphtherednosedreindeer-ujc-180x180.jpg,Pop,Rudolph The Red-Nosed Reindeer,Gene Autry& The Pinafores,35,16,32
2025-12-27,36,https://charts-static.billboard.com/img/1962/12/vince-guaraldi-trio-fha-180x180.jpg,Pop,Christmastime Is Here,Vince Guaraldi Trio,37,31,10
2025-12-27,37,https://charts-static.billboard.com/img/2025/10/taylor-swift-vug-opalite-05j-180x180.jpg,Pop,Opalite,Taylor Swift,31,2,11
2025-12-27,38,https://charts-static.billboard.com/img/2021/12/kelly-clarkson-60b-santacantyouhearme-hin-180x180.jpg,Pop,"Santa, Can't You Hear Me",Kelly Clarkson&Ariana Grande,40,38,7
2025-12-27,39,https://charts-static.billboard.com/img/2009/12/thurl-ravenscroft-000-youreameanonemrgrinch-k4l-180x180.jpg,Pop,"You're A Mean One, Mr. Grinch",Thurl Ravenscroft,39,31,16
2025-12-27,40,https://charts-static.billboard.com/img/2003/03/michael-buble-qem-180x180.jpg,Pop,Holly Jolly Christmas,Michael Buble,38,36,4
2025-12-27,41,https://charts-static.billboard.com/img/2001/12/the-beach-boys-000-littlesaintnick-4t8-180x180.jpg,Pop,Little Saint Nick,The Beach Boys,41,25,14
2025-12-27,42,https://charts-static.billboard.com/img/2021/12/ed-sheeran-5jf-merrychristmas-pjm-180x180.jpg,Pop,Merry Christmas,Ed Sheeran&Elton John,44,38,11
2025-12-27,43,https://charts-static.billboard.com/img/2009/07/justin-bieber-dj8-180x180.jpg,Pop,Mistletoe,Justin Bieber,43,11,17
2025-12-27,44,https://charts-static.billboard.com/img/2009/07/justin-bieber-dj8-180x180.jpg,Pop,Daisies,Justin Bieber,36,2,23
2025-12-27,45,https://charts-static.billboard.com/img/2008/12/dean-martin-mm0-180x180.jpg,Pop,Baby It's Cold Outside,Dean Martin,48,36,5
2025-12-27,46,https://charts-static.billboard.com/img/1958/08/perry-como-aux-180x180.jpg,Pop,(There's No Place Like) Home For The Holidays (1959),Perry ComoWith Mitchell Ayers And His Orchestra,42,22,15
2025-12-27,47,https://charts-static.billboard.com/img/1997/01/donny-hathaway-000-thischristmas-2cc-180x180.jpg,Pop,This Christmas,Donny Hathaway,45,34,9
2025-12-27,48,https://charts-static.billboard.com/img/2002/01/the-jacksons-000-santaclausiscomintotown-vkq-180x180.jpg,Pop,Santa Claus Is Comin' To Town,Jackson 5,47,30,14
2025-12-27,49,https://charts-static.billboard.com/img/1958/09/andy-williams-6it-180x180.jpg,Pop,Happy Holiday / The Holiday Season,Andy Williams,46,18,23
2025-12-27,50,https://charts-static.billboard.com/img/2018/12/darlene-love-4un-winterwonderland-foc-180x180.jpg,Pop,Winter Wonderland,Darlene Love,49,48,4
2025-12-27,51,https://charts-static.billboard.com/img/2016/08/21-savage-6vl-180x180.jpg,Electronic,Mr Recoup,21 Savage&Drake,-,51,1
2025-12-27,52,https://charts-static.billboard.com/img/2025/08/chris-brown-cyh-itdepends-6sf-180x180.jpg,R&B/Soul,It Depends,Chris BrownFeaturingBryson Tiller,51,16,21
2025-12-27,53,https://charts-static.billboard.com/img/2025/10/raye-azb-whereismyhusband-mtb-180x180.jpg,Pop,Where Is My Husband!,RAYE,55,37,12
2025-12-27,54,https://charts-static.billboard.com/img/2022/01/oliviadean-8k4-180x180.jpg,Pop,So Easy (To Fall In Love),Olivia Dean,54,18,12
2025-12-27,55,https://charts-static.billboard.com/img/2024/11/riley-green-flo-dontmindifido-5mc-180x180.jpg,Pop,Don't Mind If I Do,Riley GreenFeaturing Ella Langley,52,32,20
2025-12-27,56,https://charts-static.billboard.com/img/2025/10/tatemcrae-vd8-titfortat-qq9-180x180.jpg,Pop,Tit For Tat,Tate McRae,53,3,12
2025-12-27,57,https://charts-static.billboard.com/img/2016/09/gunna-t8f-180x180.jpg,Pop,wgft,GunnaFeaturingBurna Boy,56,40,19
2025-12-27,58,https://charts-static.billboard.com/img/2025/05/morgan-wallen-eos-20cigarettes-37w-180x180.jpg,Country,20 Cigarettes,Morgan Wallen,57,20,30
2025-12-27,59,https://charts-static.billboard.com/img/2021/01/mariahthescientist-nuo-180x180.jpg,R&B/Soul,Is It A Crime,Mariah The Scientist&Kali Uchis,58,45,19
2025-12-27,60,https://charts-static.billboard.com/img/2025/07/katseye-xrz-gabriela-iea-180x180.jpg,Pop,Gabriela,KATSEYE,60,31,22
2025-12-27,61,https://charts-static.billboard.com/img/2024/05/mylessmith-w4f-180x180.jpg,Singer/Songwriter,Nice To Meet You,Myles Smith,61,54,28
2025-12-27,62,https://charts-static.billboard.com/img/2009/07/justin-bieber-dj8-180x180.jpg,Pop,Yukon,Justin Bieber,63,17,23
2025-12-27,63,https://charts-static.billboard.com/img/2025/03/russell-dickerson-aem-happentome-tcj-180x180.jpg,Pop,Happen To Me,Russell Dickerson,62,28,35
2025-12-27,64,https://charts-static.billboard.com/img/2023/02/bigxthaplug-b4l-180x180.jpg,Hip-Hop/Rap,Hell At Night,BigXthaPlug Featuring Ella Langley,64,35,19
2025-12-27,65,https://charts-static.billboard.com/img/2025/07/meganmoroney-ugl-6monthslater-74i-180x180.jpg,Pop,6 Months Later,Megan Moroney,66,30,26
2025-12-27,66,https://charts-static.billboard.com/img/2024/11/hudsonwestbrook-9ly-houseagain-zq0-180x180.jpg,Country,House Again,Hudson Westbrook,65,47,35
2025-12-27,67,https://charts-static.billboard.com/img/2025/09/sabrina-carpenter-l0r-tears-3zb-180x180.jpg,Pop,Tears,Sabrina Carpenter,59,3,16
2025-12-27,68,https://charts-static.billboard.com/img/2024/11/maxmcnown-0ht-bettermeforyoubrowneyes-h8h-180x180.jpg,Country,Better Me For You (Brown Eyes),Max McNown,67,50,27
2025-12-27,69,https://charts-static.billboard.com/img/2025/11/oliviadean-8k4-acoupleminutes-of9-180x180.jpg,Pop,A Couple Minutes,Olivia Dean,69,55,8
2025-12-27,70,https://charts-static.billboard.com/img/2025/05/cody-johnson-0vx-thefall-rvi-180x180.jpg,Country,The Fall,Cody Johnson,68,68,12
2025-12-27,71,https://charts-static.billboard.com/img/2025/11/gwen-stefani-m9c-shakethesnowglobe-vm7-180x180.jpg,Pop,Shake The Snow Globe,Gwen Stefani,74,71,3
2025-12-27,72,https://charts-static.billboard.com/img/2025/05/youngboy-never-broke-again-ak3-shotcallin-a7o-180x180.jpg,Hip-Hop/Rap,Shot Callin,YoungBoy Never Broke Again,70,43,14
2025-12-27,73,https://charts-static.billboard.com/img/2019/01/shaboozey-2wm-180x180.jpg,Country,Amen,Shaboozey&Jelly Roll,75,56,32
2025-12-27,74,https://charts-static.billboard.com/img/2008/04/she-him-5u4-180x180.jpg,Rock,I Thought I Saw Your Face Today,She & Him,99,74,2
2025-12-27,75,https://charts-static.billboard.com/img/2025/08/alexwarren-vcb-eternity-s7w-180x180.jpg,Pop,Eternity,Alex Warren,79,16,16
2025-12-27,76,https://charts-static.billboard.com/img/2025/04/hardy-rmc-favoritecountrysong-jny-180x180.jpg,Country,Favorite Country Song,HARDY,80,76,8
2025-12-27,77,https://charts-static.billboard.com/img/2016/08/21-savage-6vl-180x180.jpg,Pop,HA,21 Savage,-,77,1
2025-12-27,78,https://charts-static.billboard.com/img/2025/10/tame-impala-nyr-dracula-dtm-180x180.jpg,Alternative,Dracula,Tame Impala,72,30,12
2025-12-27,79,https://charts-static.billboard.com/img/2025/08/sombr-2ps-12to12-142-180x180.jpg,Alternative,12 To 12,sombr,76,41,18
2025-12-27,80,https://charts-static.billboard.com/img/2025/09/jason-aldean-903-howfardoesagoodbyego-vgz-180x180.jpg,Country,How Far Does A Goodbye Go,Jason Aldean,84,80,10
2025-12-27,81,https://charts-static.billboard.com/img/2013/08/metro-boomin-koo-180x180.jpg,Hip-Hop/Rap,Take Me Thru Dere,"Metro Boomin,Quavo, Breskii & YKNIECE",73,69,12
2025-12-27,82,https://charts-static.billboard.com/img/2025/12/kato-m47-turnthelightsoff-9t4-180x180.jpg,Pop,Turn The Lights Off,KATO Featuring Jon,-,82,1
2025-12-27,83,https://charts-static.billboard.com/img/2016/03/cardi-b-tfu-180x180.jpg,Hip-Hop/Rap,ErrTime,Cardi B,83,43,12
2025-12-27,84,https://charts-static.billboard.com/img/2025/01/parmalee-3ux-cowgirl-thf-180x180.jpg,Country,Cowgirl,Parmalee,85,84,3
2025-12-27,85,https://charts-static.billboard.com/img/2025/10/taylor-swift-vug-elizabethtaylor-fes-180x180.jpg,Pop,Elizabeth Taylor,Taylor Swift,77,3,11
2025-12-27,86,https://charts-static.billboard.com/img/2016/08/21-savage-6vl-180x180.jpg,Pop,Where You From,21 Savage,-,86,1
2025-12-27,87,https://charts-static.billboard.com/img/2025/10/luke-combs-s5l-dayslikethese-eep-180x180.jpg,Country,Days Like These,Luke Combs,86,79,8
2025-12-27,88,https://charts-static.billboard.com/img/2025/09/ed-sheeran-5jf-camera-2jx-180x180.jpg,Pop,Camera,Ed Sheeran,87,58,14
2025-12-27,89,https://charts-static.billboard.com/img/2016/08/21-savage-6vl-180x180.jpg,Pop,Stepbrothers,21 Savage& Young Nudy,-,89,1
2025-12-27,90,https://charts-static.billboard.com/img/2024/08/gavinadcock-zdi-180x180.jpg,Pop,Last One To Know,Gavin Adcock,81,54,18
2025-12-27,91,https://charts-static.billboard.com/img/2025/11/cody-johnson-0vx-travelinsoldier-cvg-180x180.jpg,Country,Travelin' Soldier,Cody Johnson,78,12,6
2025-12-27,92,https://charts-static.billboard.com/img/2025/10/david-guetta-0qb-gonegonegone-bic-180x180.jpg,Pop,Gone Gone Gone,"David Guetta,Teddy Swims&Tones And I",91,91,3
2025-12-27,93,https://charts-static.billboard.com/img/2016/08/21-savage-6vl-180x180.jpg,Pop,Dog $hit,21 Savage&GloRilla,-,93,1
2025-12-27,94,https://charts-static.billboard.com/img/2025/11/tyla-8f0-chanel-gkl-180x180.jpg,Pop,Chanel,Tyla,-,94,1
2025-12-27,95,https://charts-static.billboard.com/img/2025/11/esdeekid-laa-180x180.jpg,Pop,4 Raws,EsDeeKid,-,95,1
2025-12-27,96,https://charts-static.billboard.com/img/2011/05/tyler-the-creator-e8x-180x180.jpg,Pop,Sugar On My Tongue,"Tyler, The Creator",82,41,22
2025-12-27,97,https://charts-static.billboard.com/img/2006/07/taylor-swift-vug-180x180.jpg,Pop,Father Figure,Taylor Swift,88,4,11
2025-12-27,98,https://charts-static.billboard.com/img/2025/08/loeshimmy-000-3am-fvs-180x180.jpg,Hip-Hop/Rap,3am,Loe Shimmy &Don Toliver,98,98,5
2025-12-27,99,https://charts-static.billboard.com/img/2024/09/chasematthew-iyz-darlin-vto-180x180.jpg,Country,Darlin',Chase Matthew,89,52,13
2025-12-27,100,https://charts-static.billboard.com/img/2025/05/morgan-wallen-eos-iaintcomingback-l13-180x180.jpg,Country,I Ain't Coming Back,Morgan WallenFeaturingPost Malone,94,8,27
2025-12-20,1,https://charts-static.billboard.com/img/1994/12/mariah-carey-qmg-alliwantforchristmasisyou-7ve-180x180.jpg,Pop,All I Want For Christmas Is You,Mariah Carey,1,1,77
2025-12-20,2,https://charts-static.billboard.com/img/1960/12/brenda-lee-we3-rockinaroundthechristmastree-lnw-180x180.jpg,Pop,Rockin' Around The Christmas Tree,Brenda Lee,3,1,69
2025-12-20,3,https://charts-static.billboard.com/img/1998/01/wham-pyz-lastchristmas-xhm-180x180.jpg,Pop,Last Christmas,Wham!,2,2,51
2025-12-20,4,https://charts-static.billboard.com/img/1958/12/bobby-helms-elv-jinglebellrock-dkg-180x180.jpg,Pop,Jingle Bell Rock,Bobby Helms,4,3,66
2025-12-20,5,https://charts-static.billboard.com/img/2014/12/ariana-grande-i9s-santatellme-st8-180x180.jpg,Pop,Santa Tell Me,Ariana Grande,8,5,34
2025-12-20,6,https://charts-static.billboard.com/img/2025/07/huntrxejaeaudreynunareiami-o2t-golden-ozh-180x180.jpg,K-Pop,Golden,"HUNTR/X: EJAE, Audrey Nuna & REI AMI",5,1,25
2025-12-20,7,https://charts-static.billboard.com/img/2025/10/taylor-swift-vug-thefateofophelia-ki7-180x180.jpg,Pop,The Fate Of Ophelia,Taylor Swift,6,1,10
2025-12-20,8,https://charts-static.billboard.com/img/1960/12/nat-king-cole-4rw-thechristmassongmerrychristmastoyou-t9m-180x180.jpg,Pop,The Christmas Song (Merry Christmas To You),"Nat ""King"" Cole",9,8,54
2025-12-20,9,https://charts-static.billboard.com/img/2013/11/kelly-clarkson-60b-underneaththetree-hcd-180x180.jpg,Pop,Underneath The Tree,Kelly Clarkson,11,9,37
2025-12-20,10,https://charts-static.billboard.com/img/2001/12/andy-williams-6it-itsthemostwonderfultimeoftheyear-8ww-180x180.jpg,Pop,It's The Most Wonderful Time Of The Year,Andy Williams,10,5,50
2025-12-20,11,https://charts-static.billboard.com/img/2011/12/dean-martin-000-letitsnowletitsnowletitsnow-ipd-180x180.jpg,Pop,Let It Snow! Let It Snow! Let It Snow!,Dean Martin,13,7,40
2025-12-20,12,https://charts-static.billboard.com/img/2025/02/alexwarren-vcb-ordinary-jb8-180x180.jpg,Pop,Ordinary,Alex Warren,7,1,44
2025-12-20,13,https://charts-static.billboard.com/img/2003/03/michael-buble-qem-180x180.jpg,Pop,It's Beginning To Look A Lot Like Christmas,Michael Buble,14,12,29
2025-12-20,14,https://charts-static.billboard.com/img/2001/12/the-ronettes-ae9-sleighride-k35-180x180.jpg,Pop,Sleigh Ride,The Ronettes,15,8,37
2025-12-20,15,https://charts-static.billboard.com/img/1998/01/burl-ives-2ew-ahollyjollychristmas-iae-180x180.jpg,Pop,A Holly Jolly Christmas,Burl Ives,16,4,49
2025-12-20,16,https://charts-static.billboard.com/img/1998/01/jose-feliciano-dak-feliznavidad-eq3-180x180.jpg,Pop,Feliz Navidad,Jose Feliciano,17,6,41
2025-12-20,17,https://charts-static.billboard.com/img/2025/08/oliviadean-8k4-manineed-jej-180x180.jpg,Pop,Man I Need,Olivia Dean,12,4,16
2025-12-20,18,https://charts-static.billboard.com/img/2014/12/darlene-love-4un-christmasbabypleasecomehome-430-180x180.jpg,Pop,Christmas (Baby Please Come Home),Darlene Love,18,15,30
2025-12-20,19,https://charts-static.billboard.com/img/1958/12/bing-crosby-000-whitechristmas1947-imr-180x180.jpg,Pop,White Christmas (1947),Bing CrosbyWith Ken Darby Singers & John Scott Trotter & His Orchestra,19,12,42
2025-12-20,20,https://charts-static.billboard.com/img/2012/12/frank-sinatra-plj-jinglebells-vgd-180x180.jpg,Pop,Jingle Bells,Frank SinatraWith The Orchestra & Chorus Of Gordon Jenkins,21,16,21
2025-12-20,21,https://charts-static.billboard.com/img/1958/12/chuck-berry-7i5-runrudolphrun-bp6-180x180.jpg,Pop,Run Rudolph Run,Chuck Berry,22,10,29
2025-12-20,22,https://charts-static.billboard.com/img/1958/08/perry-como-aux-180x180.jpg,Pop,It's Beginning To Look A Lot Like Christmas,Perry ComoAnd The Fontane Sisters WithMitchell Ayres And His Orchestra,24,12,30
2025-12-20,23,https://charts-static.billboard.com/img/2018/01/nat-king-cole-4rw-deckthehalls-cvy-180x180.jpg,Pop,Deck The Halls,Nat King Cole,29,16,20
2025-12-20,24,https://charts-static.billboard.com/img/2024/10/leonthomas-y3w-mutt-ch5-180x180.jpg,R&B/Soul,Mutt,Leon Thomas,20,6,45
2025-12-20,25,https://charts-static.billboard.com/img/2025/11/ellalangley-0yx-choosintexas-3s2-180x180.jpg,Country,Choosin' Texas,Ella Langley,27,11,8
2025-12-20,26,https://charts-static.billboard.com/img/2025/02/sombr-2ps-backtofriends-xkb-180x180.jpg,Alternative,Back To Friends,sombr,23,10,37
2025-12-20,27,https://charts-static.billboard.com/img/2004/12/eartha-kitt-gmf-santababy-6tx-180x180.jpg,Pop,Santa Baby,Eartha KittWith Henri Rene And His Orchestra,30,20,15
2025-12-20,28,https://charts-static.billboard.com/img/2003/12/gene-autry-ry1-herecomessantaclausrightdownsantaclauslane-9tl-180x180.jpg,Pop,Here Comes Santa Claus (Right Down Santa Claus Lane),Gene Autry,32,21,27
2025-12-20,29,https://charts-static.billboard.com/img/1998/01/elvis-presley-7uo-bluechristmas-sbf-180x180.jpg,Pop,Blue Christmas,Elvis Presley,31,18,19
2025-12-20,30,https://charts-static.billboard.com/img/2025/06/kehlani-b5q-folded-beh-180x180.jpg,R&B/Soul,Folded,Kehlani,26,7,26
2025-12-20,31,https://charts-static.billboard.com/img/2025/10/taylor-swift-vug-opalite-05j-180x180.jpg,Pop,Opalite,Taylor Swift,25,2,10
2025-12-20,32,https://charts-static.billboard.com/img/2019/11/jonas-brothers-f8u-likeitschristmas-y6k-180x180.jpg,Pop,Like It's Christmas,Jonas Brothers,35,32,11
2025-12-20,33,https://charts-static.billboard.com/img/1996/01/paul-mccartney-grq-wonderfulchristmastime-xyz-180x180.jpg,Pop,Wonderful Christmastime,Paul McCartney,33,26,18
2025-12-20,34,https://charts-static.billboard.com/img/1978/12/eagles-3gb-pleasecomehomeforchristmas-pgy-180x180.jpg,Rock,Please Come Home For Christmas,Eagles,34,18,19
2025-12-20,35,https://charts-static.billboard.com/img/1998/12/gene-autry-ry1-rudolphtherednosedreindeer-ujc-180x180.jpg,Pop,Rudolph The Red-Nosed Reindeer,Gene Autry& The Pinafores,37,16,31
2025-12-20,36,https://charts-static.billboard.com/img/2009/07/justin-bieber-dj8-180x180.jpg,Pop,Daisies,Justin Bieber,28,2,22
2025-12-20,37,https://charts-static.billboard.com/img/1962/12/vince-guaraldi-trio-fha-180x180.jpg,Pop,Christmastime Is Here,Vince Guaraldi Trio,38,31,9
2025-12-20,38,https://charts-static.billboard.com/img/2003/03/michael-buble-qem-180x180.jpg,Pop,Holly Jolly Christmas,Michael Buble,36,36,3
2025-12-20,39,https://charts-static.billboard.com/img/2009/12/thurl-ravenscroft-000-youreameanonemrgrinch-k4l-180x180.jpg,Pop,"You're A Mean One, Mr. Grinch",Thurl Ravenscroft,41,31,15
2025-12-20,40,https://charts-static.billboard.com/img/2021/12/kelly-clarkson-60b-santacantyouhearme-hin-180x180.jpg,Pop,"Santa, Can't You Hear Me",Kelly Clarkson&Ariana Grande,40,40,6
2025-12-20,41,https://charts-static.billboard.com/img/2001/12/the-beach-boys-000-littlesaintnick-4t8-180x180.jpg,Pop,Little Saint Nick,The Beach Boys,39,25,13
2025-12-20,42,https://charts-static.billboard.com/img/1958/08/perry-como-aux-180x180.jpg,Pop,(There's No Place Like) Home For The Holidays (1959),Perry ComoWith Mitchell Ayers And His Orchestra,-,22,14
2025-12-20,43,https://charts-static.billboard.com/img/2009/07/justin-bieber-dj8-180x180.jpg,Pop,Mistletoe,Justin Bieber,44,11,16
2025-12-20,44,https://charts-static.billboard.com/img/2021/12/ed-sheeran-5jf-merrychristmas-pjm-180x180.jpg,Pop,Merry Christmas,Ed Sheeran&Elton John,43,38,10
2025-12-20,45,https://charts-static.billboard.com/img/1997/01/donny-hathaway-000-thischristmas-2cc-180x180.jpg,Pop,This Christmas,Donny Hathaway,50,34,8
2025-12-20,46,https://charts-static.billboard.com/img/1958/09/andy-williams-6it-180x180.jpg,Pop,Happy Holiday / The Holiday Season,Andy Williams,-,18,22
2025-12-20,47,https://charts-static.billboard.com/img/2002/01/the-jacksons-000-santaclausiscomintotown-vkq-180x180.jpg,Pop,Santa Claus Is Comin' To Town,Jackson 5,46,30,13
2025-12-20,48,https://charts-static.billboard.com/img/2008/12/dean-martin-mm0-180x180.jpg,Pop,Baby It's Cold Outside,Dean Martin,48,36,4
2025-12-20,49,https://charts-static.billboard.com/img/2018/12/darlene-love-4un-winterwonderland-foc-180x180.jpg,Pop,Winter Wonderland,Darlene Love,49,48,3
2025-12-20,50,https://charts-static.billboard.com/img/2012/12/vince-guaraldi-trio-fha-linusandlucypeanutstheme-y3d-180x180.jpg,Pop,Linus And Lucy (Peanuts Theme),Vince Guaraldi Trio,-,37,3
2025-12-20,51,https://charts-static.billboard.com/img/2025/08/chris-brown-cyh-itdepends-6sf-180x180.jpg,R&B/Soul,It Depends,Chris BrownFeaturingBryson Tiller,42,16,20
2025-12-20,52,https://charts-static.billboard.com/img/2024/11/riley-green-flo-dontmindifido-5mc-180x180.jpg,Pop,Don't Mind If I Do,Riley GreenFeaturing Ella Langley,52,32,19
2025-12-20,53,https://charts-static.billboard.com/img/2025/10/tatemcrae-vd8-titfortat-qq9-180x180.jpg,Pop,Tit For Tat,Tate McRae,45,3,11
2025-12-20,54,https://charts-static.billboard.com/img/2022/01/oliviadean-8k4-180x180.jpg,Pop,So Easy (To Fall In Love),Olivia Dean,47,18,11
2025-12-20,55,https://charts-static.billboard.com/img/2025/10/raye-azb-whereismyhusband-mtb-180x180.jpg,Pop,Where Is My Husband!,RAYE,53,37,11
2025-12-20,56,https://charts-static.billboard.com/img/2016/09/gunna-t8f-180x180.jpg,Pop,wgft,GunnaFeaturingBurna Boy,54,40,18
2025-12-20,57,https://charts-static.billboard.com/img/2025/05/morgan-wallen-eos-20cigarettes-37w-180x180.jpg,Country,20 Cigarettes,Morgan Wallen,57,20,29
2025-12-20,58,https://charts-static.billboard.com/img/2021/01/mariahthescientist-nuo-180x180.jpg,R&B/Soul,Is It A Crime,Mariah The Scientist&Kali Uchis,60,45,18
2025-12-20,59,https://charts-static.billboard.com/img/2025/09/sabrina-carpenter-l0r-tears-3zb-180x180.jpg,Pop,Tears,Sabrina Carpenter,51,3,15
2025-12-20,60,https://charts-static.billboard.com/img/2025/07/katseye-xrz-gabriela-iea-180x180.jpg,Pop,Gabriela,KATSEYE,55,31,21
2025-12-20,61,https://charts-static.billboard.com/img/2024/05/mylessmith-w4f-180x180.jpg,Singer/Songwriter,Nice To Meet You,Myles Smith,58,54,27
2025-12-20,62,https://charts-static.billboard.com/img/2025/03/russell-dickerson-aem-happentome-tcj-180x180.jpg,Pop,Happen To Me,Russell Dickerson,56,28,34
2025-12-20,63,https://charts-static.billboard.com/img/2009/07/justin-bieber-dj8-180x180.jpg,Pop,Yukon,Justin Bieber,61,17,22
2025-12-20,64,https://charts-static.billboard.com/img/2023/02/bigxthaplug-b4l-180x180.jpg,Hip-Hop/Rap,Hell At Night,BigXthaPlug Featuring Ella Langley,62,35,18
2025-12-20,65,https://charts-static.billboard.com/img/2024/11/hudsonwestbrook-9ly-houseagain-zq0-180x180.jpg,Country,House Again,Hudson Westbrook,63,47,34
2025-12-20,66,https://charts-static.billboard.com/img/2025/07/meganmoroney-ugl-6monthslater-74i-180x180.jpg,Pop,6 Months Later,Megan Moroney,59,30,25
2025-12-20,67,https://charts-static.billboard.com/img/2024/11/maxmcnown-0ht-bettermeforyoubrowneyes-h8h-180x180.jpg,Country,Better Me For You (Brown Eyes),Max McNown,64,50,26
2025-12-20,68,https://charts-static.billboard.com/img/2025/05/cody-johnson-0vx-thefall-rvi-180x180.jpg,Country,The Fall,Cody Johnson,72,68,11
2025-12-20,69,https://charts-static.billboard.com/img/2025/11/oliviadean-8k4-acoupleminutes-of9-180x180.jpg,Pop,A Couple Minutes,Olivia Dean,65,55,7
2025-12-20,70,https://charts-static.billboard.com/img/2025/05/youngboy-never-broke-again-ak3-shotcallin-a7o-180x180.jpg,Hip-Hop/Rap,Shot Callin,YoungBoy Never Broke Again,67,43,13
2025-12-20,71,https://charts-static.billboard.com/img/2017/11/lilbaby-kyx-180x180.jpg,Pop,Let's Do It,"Lil Baby,Playboi Carti& Skooly",-,71,1
2025-12-20,72,https://charts-static.billboard.com/img/2025/10/tame-impala-nyr-dracula-dtm-180x180.jpg,Alternative,Dracula,Tame Impala,70,30,11
2025-12-20,73,https://charts-static.billboard.com/img/2013/08/metro-boomin-koo-180x180.jpg,Hip-Hop/Rap,Take Me Thru Dere,"Metro Boomin,Quavo, Breskii & YKNIECE",71,69,11
2025-12-20,74,https://charts-static.billboard.com/img/2025/11/gwen-stefani-m9c-shakethesnowglobe-vm7-180x180.jpg,Pop,Shake The Snow Globe,Gwen Stefani,86,74,2
2025-12-20,75,https://charts-static.billboard.com/img/2019/01/shaboozey-2wm-180x180.jpg,Country,Amen,Shaboozey&Jelly Roll,77,56,31
2025-12-20,76,https://charts-static.billboard.com/img/2025/08/sombr-2ps-12to12-142-180x180.jpg,Alternative,12 To 12,sombr,75,41,17
2025-12-20,77,https://charts-static.billboard.com/img/2025/10/taylor-swift-vug-elizabethtaylor-fes-180x180.jpg,Pop,Elizabeth Taylor,Taylor Swift,68,3,10
2025-12-20,78,https://charts-static.billboard.com/img/2025/11/cody-johnson-0vx-travelinsoldier-cvg-180x180.jpg,Country,Travelin' Soldier,Cody Johnson,73,12,5
2025-12-20,79,https://charts-static.billboard.com/img/2025/08/alexwarren-vcb-eternity-s7w-180x180.jpg,Pop,Eternity,Alex Warren,-,16,15
2025-12-20,80,https://charts-static.billboard.com/img/2025/04/hardy-rmc-favoritecountrysong-jny-180x180.jpg,Country,Favorite Country Song,HARDY,79,79,7
2025-12-20,81,https://charts-static.billboard.com/img/2024/08/gavinadcock-zdi-180x180.jpg,Pop,Last One To Know,Gavin Adcock,78,54,17
2025-12-20,82,https://charts-static.billboard.com/img/2011/05/tyler-the-creator-e8x-180x180.jpg,Pop,Sugar On My Tongue,"Tyler, The Creator",74,41,21
2025-12-20,83,https://charts-static.billboard.com/img/2016/03/cardi-b-tfu-180x180.jpg,Hip-Hop/Rap,ErrTime,Cardi B,82,43,11
2025-12-20,84,https://charts-static.billboard.com/img/2025/09/jason-aldean-903-howfardoesagoodbyego-vgz-180x180.jpg,Country,How Far Does A Goodbye Go,Jason Aldean,90,80,9
2025-12-20,85,https://charts-static.billboard.com/img/2025/01/parmalee-3ux-cowgirl-thf-180x180.jpg,Country,Cowgirl,Parmalee,85,85,2
2025-12-20,86,https://charts-static.billboard.com/img/2025/10/luke-combs-s5l-dayslikethese-eep-180x180.jpg,Country,Days Like These,Luke Combs,87,79,7
2025-12-20,87,https://charts-static.billboard.com/img/2025/09/ed-sheeran-5jf-camera-2jx-180x180.jpg,Pop,Camera,Ed Sheeran,81,58,13
2025-12-20,88,https://charts-static.billboard.com/img/2006/07/taylor-swift-vug-180x180.jpg,Pop,Father Figure,Taylor Swift,80,4,10
2025-12-20,89,https://charts-static.billboard.com/img/2024/09/chasematthew-iyz-darlin-vto-180x180.jpg,Country,Darlin',Chase Matthew,76,52,12
2025-12-20,90,https://charts-static.billboard.com/img/2019/11/tatemcrae-vd8-180x180.jpg,Pop,Nobody's Girl,Tate McRae,66,29,3
2025-12-20,91,https://charts-static.billboard.com/img/2025/10/david-guetta-0qb-gonegonegone-bic-180x180.jpg,Pop,Gone Gone Gone,"David Guetta,Teddy Swims&Tones And I",92,91,2
2025-12-20,92,https://charts-static.billboard.com/img/2025/09/oliviadean-8k4-nicetoeachother-lqm-180x180.jpg,Pop,Nice To Each Other,Olivia Dean,91,78,9
2025-12-20,93,https://charts-static.billboard.com/img/2006/07/taylor-swift-vug-180x180.jpg,Pop,Wi$h Li$t,Taylor Swift,84,6,10
2025-12-20,94,https://charts-static.billboard.com/img/2025/05/morgan-wallen-eos-iaintcomingback-l13-180x180.jpg,Country,I Ain't Coming Back,Morgan WallenFeaturingPost Malone,-,8,26
2025-12-20,95,https://charts-static.billboard.com/img/2025/11/meganmoroney-ugl-beautifulthings-3dm-180x180.jpg,Country,Beautiful Things,Megan Moroney,-,64,4
2025-12-20,96,https://charts-static.billboard.com/img/2018/09/themarias-mjs-180x180.jpg,Alternative,Sienna,The Marias,95,74,13
2025-12-20,97,https://charts-static.billboard.com/img/2022/01/oliviadean-8k4-180x180.jpg,Pop,Let Alone The One You Love,Olivia Dean,98,95,4
2025-12-20,98,https://charts-static.billboard.com/img/2025/08/loeshimmy-000-3am-fvs-180x180.jpg,Hip-Hop/Rap,3am,Loe Shimmy &Don Toliver,-,98,4
2025-12-20,99,https://charts-static.billboard.com/img/2008/04/she-him-5u4-180x180.jpg,Rock,I Thought I Saw Your Face Today,She & Him,-,99,1
2025-12-20,100,https://charts-static.billboard.com/img/2014/06/sabrina-carpenter-l0r-180x180.jpg,Pop,When Did You Get Hot?,Sabrina Carpenter,100,17,15
2025-12-13,1,https://charts-static.billboard.com/img/1994/12/mariah-carey-qmg-alliwantforchristmasisyou-7ve-180x180.jpg,Pop,All I Want For Christmas Is You,Mariah Carey,5,1,76
2025-12-13,2,https://charts-static.billboard.com/img/1998/01/wham-pyz-lastchristmas-xhm-180x180.jpg,Pop,Last Christmas,Wham!,6,2,50
2025-12-13,3,https://charts-static.billboard.com/img/1960/12/brenda-lee-we3-rockinaroundthechristmastree-lnw-180x180.jpg,Pop,Rockin' Around The Christmas Tree,Brenda Lee,7,1,68
2025-12-13,4,https://charts-static.billboard.com/img/1958/12/bobby-helms-elv-jinglebellrock-dkg-180x180.jpg,Pop,Jingle Bell Rock,Bobby Helms,8,3,65
2025-12-13,5,https://charts-static.billboard.com/img/2025/07/huntrxejaeaudreynunareiami-o2t-golden-ozh-180x180.jpg,K-Pop,Golden,"HUNTR/X: EJAE, Audrey Nuna & REI AMI",2,1,24
2025-12-13,6,https://charts-static.billboard.com/img/2025/10/taylor-swift-vug-thefateofophelia-ki7-180x180.jpg,Pop,The Fate Of Ophelia,Taylor Swift,1,1,9
2025-12-13,7,https://charts-static.billboard.com/img/2025/02/alexwarren-vcb-ordinary-jb8-180x180.jpg,Pop,Ordinary,Alex Warren,3,1,43
2025-12-13,8,https://charts-static.billboard.com/img/2014/12/ariana-grande-i9s-santatellme-st8-180x180.jpg,Pop,Santa Tell Me,Ariana Grande,13,5,33
2025-12-13,9,https://charts-static.billboard.com/img/1960/12/nat-king-cole-4rw-thechristmassongmerrychristmastoyou-t9m-180x180.jpg,Pop,The Christmas Song (Merry Christmas To You),"Nat ""King"" Cole",18,9,53
2025-12-13,10,https://charts-static.billboard.com/img/2001/12/andy-williams-6it-itsthemostwonderfultimeoftheyear-8ww-180x180.jpg,Pop,It's The Most Wonderful Time Of The Year,Andy Williams,17,5,49
2025-12-13,11,https://charts-static.billboard.com/img/2013/11/kelly-clarkson-60b-underneaththetree-hcd-180x180.jpg,Pop,Underneath The Tree,Kelly Clarkson,19,9,36
2025-12-13,12,https://charts-static.billboard.com/img/2025/08/oliviadean-8k4-manineed-jej-180x180.jpg,Pop,Man I Need,Olivia Dean,4,4,15
2025-12-13,13,https://charts-static.billboard.com/img/2011/12/dean-martin-000-letitsnowletitsnowletitsnow-ipd-180x180.jpg,Pop,Let It Snow! Let It Snow! Let It Snow!,Dean Martin,22,7,39
2025-12-13,14,https://charts-static.billboard.com/img/2003/03/michael-buble-qem-180x180.jpg,Pop,It's Beginning To Look A Lot Like Christmas,Michael Buble,21,12,28
2025-12-13,15,https://charts-static.billboard.com/img/2001/12/the-ronettes-ae9-sleighride-k35-180x180.jpg,Pop,Sleigh Ride,The Ronettes,20,8,36
2025-12-13,16,https://charts-static.billboard.com/img/1998/01/burl-ives-2ew-ahollyjollychristmas-iae-180x180.jpg,Pop,A Holly Jolly Christmas,Burl Ives,24,4,48
2025-12-13,17,https://charts-static.billboard.com/img/1998/01/jose-feliciano-dak-feliznavidad-eq3-180x180.jpg,Pop,Feliz Navidad,Jose Feliciano,23,6,40
2025-12-13,18,https://charts-static.billboard.com/img/2014/12/darlene-love-4un-christmasbabypleasecomehome-430-180x180.jpg,Pop,Christmas (Baby Please Come Home),Darlene Love,25,15,29
2025-12-13,19,https://charts-static.billboard.com/img/1958/12/bing-crosby-000-whitechristmas1947-imr-180x180.jpg,Pop,White Christmas (1947),Bing CrosbyWith Ken Darby Singers & John Scott Trotter & His Orchestra,34,12,41
2025-12-13,20,https://charts-static.billboard.com/img/2024/10/leonthomas-y3w-mutt-ch5-180x180.jpg,R&B/Soul,Mutt,Leon Thomas,9,6,44
2025-12-13,21,https://charts-static.billboard.com/img/2012/12/frank-sinatra-plj-jinglebells-vgd-180x180.jpg,Pop,Jingle Bells,Frank SinatraWith The Orchestra & Chorus Of Gordon Jenkins,31,16,20
2025-12-13,22,https://charts-static.billboard.com/img/1958/12/chuck-berry-7i5-runrudolphrun-bp6-180x180.jpg,Pop,Run Rudolph Run,Chuck Berry,39,10,28
2025-12-13,23,https://charts-static.billboard.com/img/2025/02/sombr-2ps-backtofriends-xkb-180x180.jpg,Alternative,Back To Friends,sombr,15,10,36
2025-12-13,24,https://charts-static.billboard.com/img/1958/08/perry-como-aux-180x180.jpg,Pop,It's Beginning To Look A Lot Like Christmas,Perry ComoAnd The Fontane Sisters WithMitchell Ayres And His Orchestra,38,12,29
2025-12-13,25,https://charts-static.billboard.com/img/2025/10/taylor-swift-vug-opalite-05j-180x180.jpg,Pop,Opalite,Taylor Swift,10,2,9
2025-12-13,26,https://charts-static.billboard.com/img/2025/06/kehlani-b5q-folded-beh-180x180.jpg,R&B/Soul,Folded,Kehlani,12,7,25
2025-12-13,27,https://charts-static.billboard.com/img/2025/11/ellalangley-0yx-choosintexas-3s2-180x180.jpg,Country,Choosin' Texas,Ella Langley,11,11,7
2025-12-13,28,https://charts-static.billboard.com/img/2009/07/justin-bieber-dj8-180x180.jpg,Pop,Daisies,Justin Bieber,14,2,21
2025-12-13,29,https://charts-static.billboard.com/img/2018/01/nat-king-cole-4rw-deckthehalls-cvy-180x180.jpg,Pop,Deck The Halls,Nat King Cole,45,16,19
2025-12-13,30,https://charts-static.billboard.com/img/2004/12/eartha-kitt-gmf-santababy-6tx-180x180.jpg,Pop,Santa Baby,Eartha KittWith Henri Rene And His Orchestra,49,20,14
2025-12-13,31,https://charts-static.billboard.com/img/1998/01/elvis-presley-7uo-bluechristmas-sbf-180x180.jpg,Pop,Blue Christmas,Elvis Presley,50,18,18
2025-12-13,32,https://charts-static.billboard.com/img/2003/12/gene-autry-ry1-herecomessantaclausrightdownsantaclauslane-9tl-180x180.jpg,Pop,Here Comes Santa Claus (Right Down Santa Claus Lane),Gene Autry,42,21,26
2025-12-13,33,https://charts-static.billboard.com/img/1996/01/paul-mccartney-grq-wonderfulchristmastime-xyz-180x180.jpg,Pop,Wonderful Christmastime,Paul McCartney,-,26,17
2025-12-13,34,https://charts-static.billboard.com/img/1978/12/eagles-3gb-pleasecomehomeforchristmas-pgy-180x180.jpg,Rock,Please Come Home For Christmas,Eagles,-,18,18
2025-12-13,35,https://charts-static.billboard.com/img/2019/11/jonas-brothers-f8u-likeitschristmas-y6k-180x180.jpg,Pop,Like It's Christmas,Jonas Brothers,-,35,10
2025-12-13,36,https://charts-static.billboard.com/img/2003/03/michael-buble-qem-180x180.jpg,Pop,Holly Jolly Christmas,Michael Buble,-,36,2
2025-12-13,37,https://charts-static.billboard.com/img/1998/12/gene-autry-ry1-rudolphtherednosedreindeer-ujc-180x180.jpg,Pop,Rudolph The Red-Nosed Reindeer,Gene Autry& The Pinafores,-,16,30
2025-12-13,38,https://charts-static.billboard.com/img/1962/12/vince-guaraldi-trio-fha-180x180.jpg,Pop,Christmastime Is Here,Vince Guaraldi Trio,-,31,8
2025-12-13,39,https://charts-static.billboard.com/img/2001/12/the-beach-boys-000-littlesaintnick-4t8-180x180.jpg,Pop,Little Saint Nick,The Beach Boys,-,25,12
2025-12-13,40,https://charts-static.billboard.com/img/2021/12/kelly-clarkson-60b-santacantyouhearme-hin-180x180.jpg,Pop,"Santa, Can't You Hear Me",Kelly Clarkson&Ariana Grande,-,40,5
2025-12-13,41,https://charts-static.billboard.com/img/2009/12/thurl-ravenscroft-000-youreameanonemrgrinch-k4l-180x180.jpg,Pop,"You're A Mean One, Mr. Grinch",Thurl Ravenscroft,-,31,14
2025-12-13,42,https://charts-static.billboard.com/img/2025/08/chris-brown-cyh-itdepends-6sf-180x180.jpg,R&B/Soul,It Depends,Chris BrownFeaturingBryson Tiller,28,16,19
2025-12-13,43,https://charts-static.billboard.com/img/2021/12/ed-sheeran-5jf-merrychristmas-pjm-180x180.jpg,Pop,Merry Christmas,Ed Sheeran&Elton John,-,38,9
2025-12-13,44,https://charts-static.billboard.com/img/2009/07/justin-bieber-dj8-180x180.jpg,Pop,Mistletoe,Justin Bieber,-,11,15
2025-12-13,45,https://charts-static.billboard.com/img/2025/10/tatemcrae-vd8-titfortat-qq9-180x180.jpg,Pop,Tit For Tat,Tate McRae,26,3,10
2025-12-13,46,https://charts-static.billboard.com/img/2002/01/the-jacksons-000-santaclausiscomintotown-vkq-180x180.jpg,Pop,Santa Claus Is Comin' To Town,Jackson 5,-,30,12
2025-12-13,47,https://charts-static.billboard.com/img/2022/01/oliviadean-8k4-180x180.jpg,Pop,So Easy (To Fall In Love),Olivia Dean,27,18,10
2025-12-13,48,https://charts-static.billboard.com/img/2008/12/dean-martin-mm0-180x180.jpg,Pop,Baby It's Cold Outside,Dean Martin,-,36,3
2025-12-13,49,https://charts-static.billboard.com/img/2018/12/darlene-love-4un-winterwonderland-foc-180x180.jpg,Pop,Winter Wonderland,Darlene Love,-,48,2
2025-12-13,50,https://charts-static.billboard.com/img/1997/01/donny-hathaway-000-thischristmas-2cc-180x180.jpg,Pop,This Christmas,Donny Hathaway,-,34,7
2025-12-13,51,https://charts-static.billboard.com/img/2025/09/sabrina-carpenter-l0r-tears-3zb-180x180.jpg,Pop,Tears,Sabrina Carpenter,33,3,14
2025-12-13,52,https://charts-static.billboard.com/img/2024/11/riley-green-flo-dontmindifido-5mc-180x180.jpg,Pop,Don't Mind If I Do,Riley GreenFeaturing Ella Langley,32,32,18
2025-12-13,53,https://charts-static.billboard.com/img/2025/10/raye-azb-whereismyhusband-mtb-180x180.jpg,Pop,Where Is My Husband!,RAYE,37,37,10
2025-12-13,54,https://charts-static.billboard.com/img/2016/09/gunna-t8f-180x180.jpg,Pop,wgft,GunnaFeaturingBurna Boy,47,40,17
2025-12-13,55,https://charts-static.billboard.com/img/2025/07/katseye-xrz-gabriela-iea-180x180.jpg,Pop,Gabriela,KATSEYE,41,31,20
2025-12-13,56,https://charts-static.billboard.com/img/2025/03/russell-dickerson-aem-happentome-tcj-180x180.jpg,Pop,Happen To Me,Russell Dickerson,51,28,33
2025-12-13,57,https://charts-static.billboard.com/img/2025/05/morgan-wallen-eos-20cigarettes-37w-180x180.jpg,Country,20 Cigarettes,Morgan Wallen,55,20,28
2025-12-13,58,https://charts-static.billboard.com/img/2024/05/mylessmith-w4f-180x180.jpg,Singer/Songwriter,Nice To Meet You,Myles Smith,61,54,26
2025-12-13,59,https://charts-static.billboard.com/img/2025/07/meganmoroney-ugl-6monthslater-74i-180x180.jpg,Pop,6 Months Later,Megan Moroney,48,30,24
2025-12-13,60,https://charts-static.billboard.com/img/2021/01/mariahthescientist-nuo-180x180.jpg,R&B/Soul,Is It A Crime,Mariah The Scientist&Kali Uchis,57,45,17
2025-12-13,61,https://charts-static.billboard.com/img/2009/07/justin-bieber-dj8-180x180.jpg,Pop,Yukon,Justin Bieber,58,17,21
2025-12-13,62,https://charts-static.billboard.com/img/2023/02/bigxthaplug-b4l-180x180.jpg,Hip-Hop/Rap,Hell At Night,BigXthaPlug Featuring Ella Langley,46,35,17
2025-12-13,63,https://charts-static.billboard.com/img/2024/11/hudsonwestbrook-9ly-houseagain-zq0-180x180.jpg,Country,House Again,Hudson Westbrook,60,47,33
2025-12-13,64,https://charts-static.billboard.com/img/2024/11/maxmcnown-0ht-bettermeforyoubrowneyes-h8h-180x180.jpg,Country,Better Me For You (Brown Eyes),Max McNown,63,50,25
2025-12-13,65,https://charts-static.billboard.com/img/2025/11/oliviadean-8k4-acoupleminutes-of9-180x180.jpg,Pop,A Couple Minutes,Olivia Dean,65,55,6
2025-12-13,66,https://charts-static.billboard.com/img/2019/11/tatemcrae-vd8-180x180.jpg,Pop,Nobody's Girl,Tate McRae,29,29,2
2025-12-13,67,https://charts-static.billboard.com/img/2025/05/youngboy-never-broke-again-ak3-shotcallin-a7o-180x180.jpg,Hip-Hop/Rap,Shot Callin,YoungBoy Never Broke Again,64,43,12
2025-12-13,68,https://charts-static.billboard.com/img/2025/10/taylor-swift-vug-elizabethtaylor-fes-180x180.jpg,Pop,Elizabeth Taylor,Taylor Swift,53,3,9
2025-12-13,69,https://charts-static.billboard.com/img/2025/03/tuckerwetmore-ras-321-17q-180x180.jpg,Country,"3,2,1",Tucker Wetmore,87,69,7
2025-12-13,70,https://charts-static.billboard.com/img/2025/10/tame-impala-nyr-dracula-dtm-180x180.jpg,Alternative,Dracula,Tame Impala,67,30,10
2025-12-13,71,https://charts-static.billboard.com/img/2013/08/metro-boomin-koo-180x180.jpg,Hip-Hop/Rap,Take Me Thru Dere,"Metro Boomin,Quavo, Breskii & YKNIECE",70,69,10
2025-12-13,72,https://charts-static.billboard.com/img/2025/05/cody-johnson-0vx-thefall-rvi-180x180.jpg,Country,The Fall,Cody Johnson,73,68,10
2025-12-13,73,https://charts-static.billboard.com/img/2025/11/cody-johnson-0vx-travelinsoldier-cvg-180x180.jpg,Country,Travelin' Soldier,Cody Johnson,62,12,4
2025-12-13,74,https://charts-static.billboard.com/img/2011/05/tyler-the-creator-e8x-180x180.jpg,Pop,Sugar On My Tongue,"Tyler, The Creator",76,41,20
2025-12-13,75,https://charts-static.billboard.com/img/2025/08/sombr-2ps-12to12-142-180x180.jpg,Alternative,12 To 12,sombr,81,41,16
2025-12-13,76,https://charts-static.billboard.com/img/2024/09/chasematthew-iyz-darlin-vto-180x180.jpg,Country,Darlin',Chase Matthew,75,52,11
2025-12-13,77,https://charts-static.billboard.com/img/2019/01/shaboozey-2wm-180x180.jpg,Country,Amen,Shaboozey&Jelly Roll,85,56,30
2025-12-13,78,https://charts-static.billboard.com/img/2024/08/gavinadcock-zdi-180x180.jpg,Pop,Last One To Know,Gavin Adcock,72,54,16
2025-12-13,79,https://charts-static.billboard.com/img/2025/04/hardy-rmc-favoritecountrysong-jny-180x180.jpg,Country,Favorite Country Song,HARDY,86,79,6
2025-12-13,80,https://charts-static.billboard.com/img/2006/07/taylor-swift-vug-180x180.jpg,Pop,Father Figure,Taylor Swift,69,4,9
2025-12-13,81,https://charts-static.billboard.com/img/2025/09/ed-sheeran-5jf-camera-2jx-180x180.jpg,Pop,Camera,Ed Sheeran,90,58,12
2025-12-13,82,https://charts-static.billboard.com/img/2016/03/cardi-b-tfu-180x180.jpg,Hip-Hop/Rap,ErrTime,Cardi B,79,43,10
2025-12-13,83,https://charts-static.billboard.com/img/2025/08/luke-combs-s5l-backinthesaddle-8bn-180x180.jpg,Pop,Back In The Saddle,Luke Combs,74,22,19
2025-12-13,84,https://charts-static.billboard.com/img/2006/07/taylor-swift-vug-180x180.jpg,Pop,Wi$h Li$t,Taylor Swift,71,6,9
2025-12-13,85,https://charts-static.billboard.com/img/2025/01/parmalee-3ux-cowgirl-thf-180x180.jpg,Country,Cowgirl,Parmalee,-,85,1
2025-12-13,86,https://charts-static.billboard.com/img/2025/11/gwen-stefani-m9c-shakethesnowglobe-vm7-180x180.jpg,Pop,Shake The Snow Globe,Gwen Stefani,-,86,1
2025-12-13,87,https://charts-static.billboard.com/img/2025/10/luke-combs-s5l-dayslikethese-eep-180x180.jpg,Country,Days Like These,Luke Combs,88,79,6
2025-12-13,88,https://charts-static.billboard.com/img/2019/11/tatemcrae-vd8-180x180.jpg,Pop,Anything But Love,Tate McRae,44,44,2
2025-12-13,89,https://charts-static.billboard.com/img/2024/09/parker-mccollum-16j-whatkindaman-6mj-180x180.jpg,Pop,What Kinda Man,Parker McCollum,66,66,12
2025-12-13,90,https://charts-static.billboard.com/img/2025/09/jason-aldean-903-howfardoesagoodbyego-vgz-180x180.jpg,Country,How Far Does A Goodbye Go,Jason Aldean,92,80,8
2025-12-13,91,https://charts-static.billboard.com/img/2025/09/oliviadean-8k4-nicetoeachother-lqm-180x180.jpg,Pop,Nice To Each Other,Olivia Dean,78,78,8
2025-12-13,92,https://charts-static.billboard.com/img/2025/10/david-guetta-0qb-gonegonegone-bic-180x180.jpg,Pop,Gone Gone Gone,"David Guetta,Teddy Swims&Tones And I",-,92,1
2025-12-13,93,https://charts-static.billboard.com/img/2025/09/lady-gaga-p9u-thedeaddance-ujm-180x180.jpg,Pop,The Dead Dance,Lady Gaga,94,40,13
2025-12-13,94,https://charts-static.billboard.com/img/2025/02/g-herbo-gq4-wentlegit-dax-180x180.jpg,Pop,Went Legit,G Herbo,89,70,20
2025-12-13,95,https://charts-static.billboard.com/img/2018/09/themarias-mjs-180x180.jpg,Alternative,Sienna,The Marias,-,74,12
2025-12-13,96,https://charts-static.billboard.com/img/2014/11/cynthia-erivo-mlc-180x180.jpg,Pop,For Good,Cynthia Erivo&Ariana Grande,43,43,2
2025-12-13,97,https://charts-static.billboard.com/img/2014/11/cynthia-erivo-mlc-180x180.jpg,Pop,No Good Deed,Cynthia Erivo,56,56,2
2025-12-13,98,https://charts-static.billboard.com/img/2022/01/oliviadean-8k4-180x180.jpg,Pop,Let Alone The One You Love,Olivia Dean,95,95,3
2025-12-13,99,https://charts-static.billboard.com/img/2006/07/taylor-swift-vug-180x180.jpg,Pop,The Life Of A Showgirl,Taylor SwiftFeaturingSabrina Carpenter,80,8,9
2025-12-13,100,https://charts-static.billboard.com/img/2014/06/sabrina-carpenter-l0r-180x180.jpg,Pop,When Did You Get Hot?,Sabrina Carpenter,96,17,14
2025-12-06,1,https://charts-static.billboard.com/img/2025/10/taylor-swift-vug-thefateofophelia-ki7-180x180.jpg,Pop,The Fate Of Ophelia,Taylor Swift,1,1,8
2025-12-06,2,https://charts-static.billboard.com/img/2025/07/huntrxejaeaudreynunareiami-o2t-golden-ozh-180x180.jpg,K-Pop,Golden,"HUNTR/X: EJAE, Audrey Nuna & REI AMI",2,1,23
2025-12-06,3,https://charts-static.billboard.com/img/2025/02/alexwarren-vcb-ordinary-jb8-180x180.jpg,Pop,Ordinary,Alex Warren,3,1,42
2025-12-06,4,https://charts-static.billboard.com/img/2025/08/oliviadean-8k4-manineed-jej-180x180.jpg,Pop,Man I Need,Olivia Dean,4,4,14
2025-12-06,5,https://charts-static.billboard.com/img/1994/12/mariah-carey-qmg-alliwantforchristmasisyou-7ve-180x180.jpg,Pop,All I Want For Christmas Is You,Mariah Carey,8,1,75
2025-12-06,6,https://charts-static.billboard.com/img/1998/01/wham-pyz-lastchristmas-xhm-180x180.jpg,Pop,Last Christmas,Wham!,11,3,49
2025-12-06,7,https://charts-static.billboard.com/img/1960/12/brenda-lee-we3-rockinaroundthechristmastree-lnw-180x180.jpg,Pop,Rockin' Around The Christmas Tree,Brenda Lee,13,1,67
2025-12-06,8,https://charts-static.billboard.com/img/1958/12/bobby-helms-elv-jinglebellrock-dkg-180x180.jpg,Pop,Jingle Bell Rock,Bobby Helms,14,3,64
2025-12-06,9,https://charts-static.billboard.com/img/2024/10/leonthomas-y3w-mutt-ch5-180x180.jpg,R&B/Soul,Mutt,Leon Thomas,6,6,43
2025-12-06,10,https://charts-static.billboard.com/img/2025/10/taylor-swift-vug-opalite-05j-180x180.jpg,Pop,Opalite,Taylor Swift,5,2,8
2025-12-06,11,https://charts-static.billboard.com/img/2025/11/ellalangley-0yx-choosintexas-3s2-180x180.jpg,Country,Choosin' Texas,Ella Langley,16,11,6
2025-12-06,12,https://charts-static.billboard.com/img/2025/06/kehlani-b5q-folded-beh-180x180.jpg,R&B/Soul,Folded,Kehlani,9,7,24
2025-12-06,13,https://charts-static.billboard.com/img/2014/12/ariana-grande-i9s-santatellme-st8-180x180.jpg,Pop,Santa Tell Me,Ariana Grande,19,5,32
2025-12-06,14,https://charts-static.billboard.com/img/2009/07/justin-bieber-dj8-180x180.jpg,Pop,Daisies,Justin Bieber,7,2,20
2025-12-06,15,https://charts-static.billboard.com/img/2025/02/sombr-2ps-backtofriends-xkb-180x180.jpg,Alternative,Back To Friends,sombr,12,10,35
2025-12-06,16,https://charts-static.billboard.com/img/2025/05/morgan-wallen-eos-igotbetter-8s9-180x180.jpg,Country,I Got Better,Morgan Wallen,10,7,28
2025-12-06,17,https://charts-static.billboard.com/img/2001/12/andy-williams-6it-itsthemostwonderfultimeoftheyear-8ww-180x180.jpg,Pop,It's The Most Wonderful Time Of The Year,Andy Williams,30,5,48
2025-12-06,18,https://charts-static.billboard.com/img/1960/12/nat-king-cole-4rw-thechristmassongmerrychristmastoyou-t9m-180x180.jpg,Pop,The Christmas Song (Merry Christmas To You),"Nat ""King"" Cole",29,9,52
2025-12-06,19,https://charts-static.billboard.com/img/2013/11/kelly-clarkson-60b-underneaththetree-hcd-180x180.jpg,Pop,Underneath The Tree,Kelly Clarkson,27,9,35
2025-12-06,20,https://charts-static.billboard.com/img/2001/12/the-ronettes-ae9-sleighride-k35-180x180.jpg,Pop,Sleigh Ride,The Ronettes,37,8,35
2025-12-06,21,https://charts-static.billboard.com/img/2003/03/michael-buble-qem-180x180.jpg,Pop,It's Beginning To Look A Lot Like Christmas,Michael Buble,32,12,27
2025-12-06,22,https://charts-static.billboard.com/img/2011/12/dean-martin-000-letitsnowletitsnowletitsnow-ipd-180x180.jpg,Pop,Let It Snow! Let It Snow! Let It Snow!,Dean Martin,34,7,38
2025-12-06,23,https://charts-static.billboard.com/img/1998/01/jose-feliciano-dak-feliznavidad-eq3-180x180.jpg,Pop,Feliz Navidad,Jose Feliciano,49,6,39
2025-12-06,24,https://charts-static.billboard.com/img/1998/01/burl-ives-2ew-ahollyjollychristmas-iae-180x180.jpg,Pop,A Holly Jolly Christmas,Burl Ives,40,4,47
2025-12-06,25,https://charts-static.billboard.com/img/2014/12/darlene-love-4un-christmasbabypleasecomehome-430-180x180.jpg,Pop,Christmas (Baby Please Come Home),Darlene Love,48,15,28
2025-12-06,26,https://charts-static.billboard.com/img/2025/10/tatemcrae-vd8-titfortat-qq9-180x180.jpg,Pop,Tit For Tat,Tate McRae,26,3,9
2025-12-06,27,https://charts-static.billboard.com/img/2022/01/oliviadean-8k4-180x180.jpg,Pop,So Easy (To Fall In Love),Olivia Dean,18,18,9
2025-12-06,28,https://charts-static.billboard.com/img/2025/08/chris-brown-cyh-itdepends-6sf-180x180.jpg,R&B/Soul,It Depends,Chris BrownFeaturingBryson Tiller,17,16,18
2025-12-06,29,https://charts-static.billboard.com/img/2019/11/tatemcrae-vd8-180x180.jpg,Pop,Nobody's Girl,Tate McRae,-,29,1
2025-12-06,30,https://charts-static.billboard.com/img/2025/06/sabrina-carpenter-l0r-manchild-cmz-180x180.jpg,Pop,Manchild,Sabrina Carpenter,20,1,25
2025-12-06,31,https://charts-static.billboard.com/img/2012/12/frank-sinatra-plj-jinglebells-vgd-180x180.jpg,Pop,Jingle Bells,Frank SinatraWith The Orchestra & Chorus Of Gordon Jenkins,-,16,19
2025-12-06,32,https://charts-static.billboard.com/img/2024/11/riley-green-flo-dontmindifido-5mc-180x180.jpg,Pop,Don't Mind If I Do,Riley GreenFeaturing Ella Langley,33,32,17
2025-12-06,33,https://charts-static.billboard.com/img/2025/09/sabrina-carpenter-l0r-tears-3zb-180x180.jpg,Pop,Tears,Sabrina Carpenter,22,3,13
2025-12-06,34,https://charts-static.billboard.com/img/1958/12/bing-crosby-000-whitechristmas1947-imr-180x180.jpg,Pop,White Christmas (1947),Bing CrosbyWith Ken Darby Singers & John Scott Trotter & His Orchestra,-,12,40
2025-12-06,35,https://charts-static.billboard.com/img/2025/07/sajaboysandrewchoineckwavdannychungkevinwoosamuillee-bpl-sodapop-81d-180x180.jpg,Pop,Soda Pop,"Saja Boys: Andrew Choi, Neckwav, Danny Chung, Kevin Woo & samUIL Lee",21,3,22
2025-12-06,36,https://charts-static.billboard.com/img/2025/05/lainey-wilson-wci-somewhereoverlaredo-3ei-180x180.jpg,Pop,Somewhere Over Laredo,Lainey Wilson,39,36,21
2025-12-06,37,https://charts-static.billboard.com/img/2025/10/raye-azb-whereismyhusband-mtb-180x180.jpg,Pop,Where Is My Husband!,RAYE,47,37,9
2025-12-06,38,https://charts-static.billboard.com/img/1958/08/perry-como-aux-180x180.jpg,Pop,It's Beginning To Look A Lot Like Christmas,Perry ComoAnd The Fontane Sisters WithMitchell Ayres And His Orchestra,-,12,28
2025-12-06,39,https://charts-static.billboard.com/img/1958/12/chuck-berry-7i5-runrudolphrun-bp6-180x180.jpg,Pop,Run Rudolph Run,Chuck Berry,-,10,27
2025-12-06,40,https://charts-static.billboard.com/img/2025/07/sajaboysandrewchoineckwavdannychungkevinwoosamuillee-bpl-youridol-tim-180x180.jpg,Pop,Your Idol,"Saja Boys: Andrew Choi, Neckwav, Danny Chung, Kevin Woo & samUIL Lee",24,4,23
2025-12-06,41,https://charts-static.billboard.com/img/2025/07/katseye-xrz-gabriela-iea-180x180.jpg,Pop,Gabriela,KATSEYE,31,31,19
2025-12-06,42,https://charts-static.billboard.com/img/2003/12/gene-autry-ry1-herecomessantaclausrightdownsantaclauslane-9tl-180x180.jpg,Pop,Here Comes Santa Claus (Right Down Santa Claus Lane),Gene Autry,-,21,25
2025-12-06,43,https://charts-static.billboard.com/img/2014/11/cynthia-erivo-mlc-180x180.jpg,Pop,For Good,Cynthia Erivo&Ariana Grande,-,43,1
2025-12-06,44,https://charts-static.billboard.com/img/2019/11/tatemcrae-vd8-180x180.jpg,Pop,Anything But Love,Tate McRae,-,44,1
2025-12-06,45,https://charts-static.billboard.com/img/2018/01/nat-king-cole-4rw-deckthehalls-cvy-180x180.jpg,Pop,Deck The Halls,Nat King Cole,-,16,18
2025-12-06,46,https://charts-static.billboard.com/img/2023/02/bigxthaplug-b4l-180x180.jpg,Hip-Hop/Rap,Hell At Night,BigXthaPlug Featuring Ella Langley,51,35,16
2025-12-06,47,https://charts-static.billboard.com/img/2016/09/gunna-t8f-180x180.jpg,Pop,wgft,GunnaFeaturingBurna Boy,45,40,16
2025-12-06,48,https://charts-static.billboard.com/img/2025/07/meganmoroney-ugl-6monthslater-74i-180x180.jpg,Pop,6 Months Later,Megan Moroney,38,30,23
2025-12-06,49,https://charts-static.billboard.com/img/2004/12/eartha-kitt-gmf-santababy-6tx-180x180.jpg,Pop,Santa Baby,Eartha KittWith Henri Rene And His Orchestra,-,20,13
2025-12-06,50,https://charts-static.billboard.com/img/1998/01/elvis-presley-7uo-bluechristmas-sbf-180x180.jpg,Pop,Blue Christmas,Elvis Presley,-,18,17
2025-12-06,51,https://charts-static.billboard.com/img/2025/03/russell-dickerson-aem-happentome-tcj-180x180.jpg,Pop,Happen To Me,Russell Dickerson,43,28,32
2025-12-06,52,https://charts-static.billboard.com/img/2025/07/huntrxejaeaudreynunareiami-o2t-howitsdone-3mh-180x180.jpg,K-Pop,How It's Done,"HUNTR/X: EJAE, Audrey Nuna & REI AMI",36,8,22
2025-12-06,53,https://charts-static.billboard.com/img/2025/10/taylor-swift-vug-elizabethtaylor-fes-180x180.jpg,Pop,Elizabeth Taylor,Taylor Swift,28,3,8
2025-12-06,54,https://charts-static.billboard.com/img/2025/06/discolines-hzk-nobrokeboys-gbu-180x180.jpg,Pop,No Broke Boys,Disco Lines &Tinashe,41,36,20
2025-12-06,55,https://charts-static.billboard.com/img/2025/05/morgan-wallen-eos-20cigarettes-37w-180x180.jpg,Country,20 Cigarettes,Morgan Wallen,50,20,27
2025-12-06,56,https://charts-static.billboard.com/img/2014/11/cynthia-erivo-mlc-180x180.jpg,Pop,No Good Deed,Cynthia Erivo,-,56,1
2025-12-06,57,https://charts-static.billboard.com/img/2021/01/mariahthescientist-nuo-180x180.jpg,R&B/Soul,Is It A Crime,Mariah The Scientist&Kali Uchis,54,45,16
2025-12-06,58,https://charts-static.billboard.com/img/2009/07/justin-bieber-dj8-180x180.jpg,Pop,Yukon,Justin Bieber,52,17,20
2025-12-06,59,https://charts-static.billboard.com/img/2019/11/tatemcrae-vd8-180x180.jpg,Pop,Trying On Shoes,Tate McRae,-,59,1
2025-12-06,60,https://charts-static.billboard.com/img/2024/11/hudsonwestbrook-9ly-houseagain-zq0-180x180.jpg,Country,House Again,Hudson Westbrook,57,47,32
2025-12-06,61,https://charts-static.billboard.com/img/2024/05/mylessmith-w4f-180x180.jpg,Singer/Songwriter,Nice To Meet You,Myles Smith,56,54,25
2025-12-06,62,https://charts-static.billboard.com/img/2025/11/cody-johnson-0vx-travelinsoldier-cvg-180x180.jpg,Country,Travelin' Soldier,Cody Johnson,25,12,3
2025-12-06,63,https://charts-static.billboard.com/img/2024/11/maxmcnown-0ht-bettermeforyoubrowneyes-h8h-180x180.jpg,Country,Better Me For You (Brown Eyes),Max McNown,63,50,24
2025-12-06,64,https://charts-static.billboard.com/img/2025/05/youngboy-never-broke-again-ak3-shotcallin-a7o-180x180.jpg,Hip-Hop/Rap,Shot Callin,YoungBoy Never Broke Again,61,43,11
2025-12-06,65,https://charts-static.billboard.com/img/2025/11/oliviadean-8k4-acoupleminutes-of9-180x180.jpg,Pop,A Couple Minutes,Olivia Dean,55,55,5
2025-12-06,66,https://charts-static.billboard.com/img/2024/09/parker-mccollum-16j-whatkindaman-6mj-180x180.jpg,Pop,What Kinda Man,Parker McCollum,83,66,11
2025-12-06,67,https://charts-static.billboard.com/img/2025/10/tame-impala-nyr-dracula-dtm-180x180.jpg,Alternative,Dracula,Tame Impala,53,30,9
2025-12-06,68,https://charts-static.billboard.com/img/2025/11/straykids-muq-doit-8cl-180x180.jpg,Pop,Do It,Stray Kids,-,68,1
2025-12-06,69,https://charts-static.billboard.com/img/2006/07/taylor-swift-vug-180x180.jpg,Pop,Father Figure,Taylor Swift,46,4,8
2025-12-06,70,https://charts-static.billboard.com/img/2013/08/metro-boomin-koo-180x180.jpg,Hip-Hop/Rap,Take Me Thru Dere,"Metro Boomin,Quavo, Breskii & YKNIECE",74,69,9
2025-12-06,71,https://charts-static.billboard.com/img/2006/07/taylor-swift-vug-180x180.jpg,Pop,Wi$h Li$t,Taylor Swift,44,6,8
2025-12-06,72,https://charts-static.billboard.com/img/2024/08/gavinadcock-zdi-180x180.jpg,Pop,Last One To Know,Gavin Adcock,71,54,15
2025-12-06,73,https://charts-static.billboard.com/img/2025/05/cody-johnson-0vx-thefall-rvi-180x180.jpg,Country,The Fall,Cody Johnson,75,68,9
2025-12-06,74,https://charts-static.billboard.com/img/2025/08/luke-combs-s5l-backinthesaddle-8bn-180x180.jpg,Pop,Back In The Saddle,Luke Combs,65,22,18
2025-12-06,75,https://charts-static.billboard.com/img/2024/09/chasematthew-iyz-darlin-vto-180x180.jpg,Country,Darlin',Chase Matthew,59,52,10
2025-12-06,76,https://charts-static.billboard.com/img/2011/05/tyler-the-creator-e8x-180x180.jpg,Pop,Sugar On My Tongue,"Tyler, The Creator",73,41,19
2025-12-06,77,https://charts-static.billboard.com/img/2025/11/nf-v2k-fear-0x2-180x180.jpg,Hip-Hop/Rap,Fear,NF,35,35,2
2025-12-06,78,https://charts-static.billboard.com/img/2025/09/oliviadean-8k4-nicetoeachother-lqm-180x180.jpg,Pop,Nice To Each Other,Olivia Dean,82,78,7
2025-12-06,79,https://charts-static.billboard.com/img/2016/03/cardi-b-tfu-180x180.jpg,Hip-Hop/Rap,ErrTime,Cardi B,66,43,9
2025-12-06,80,https://charts-static.billboard.com/img/2006/07/taylor-swift-vug-180x180.jpg,Pop,The Life Of A Showgirl,Taylor SwiftFeaturingSabrina Carpenter,64,8,8
2025-12-06,81,https://charts-static.billboard.com/img/2025/08/sombr-2ps-12to12-142-180x180.jpg,Alternative,12 To 12,sombr,72,41,15
2025-12-06,82,https://charts-static.billboard.com/img/2023/02/bigxthaplug-b4l-180x180.jpg,Pop,Cold,BigXthaPlug &Post Malone,-,82,1
2025-12-06,83,https://charts-static.billboard.com/img/2025/09/dojacat-mf8-jealoustype-nm7-180x180.jpg,Pop,Jealous Type,Doja Cat,67,28,14
2025-12-06,84,https://charts-static.billboard.com/img/2019/11/tatemcrae-vd8-180x180.jpg,Pop,Horseshoe,Tate McRae,-,84,1
2025-12-06,85,https://charts-static.billboard.com/img/2019/01/shaboozey-2wm-180x180.jpg,Country,Amen,Shaboozey&Jelly Roll,95,56,29
2025-12-06,86,https://charts-static.billboard.com/img/2025/04/hardy-rmc-favoritecountrysong-jny-180x180.jpg,Country,Favorite Country Song,HARDY,99,86,5
2025-12-06,87,https://charts-static.billboard.com/img/2025/03/tuckerwetmore-ras-321-17q-180x180.jpg,Country,"3,2,1",Tucker Wetmore,-,87,6
2025-12-06,88,https://charts-static.billboard.com/img/2025/10/luke-combs-s5l-dayslikethese-eep-180x180.jpg,Country,Days Like These,Luke Combs,94,79,5
2025-12-06,89,https://charts-static.billboard.com/img/2025/02/g-herbo-gq4-wentlegit-dax-180x180.jpg,Pop,Went Legit,G Herbo,84,70,19
2025-12-06,90,https://charts-static.billboard.com/img/2025/09/ed-sheeran-5jf-camera-2jx-180x180.jpg,Pop,Camera,Ed Sheeran,93,58,11
2025-12-06,91,https://charts-static.billboard.com/img/2014/11/cynthia-erivo-mlc-180x180.jpg,Pop,As Long As You're Mine,Cynthia Erivo& Jonathan Bailey,-,91,1
2025-12-06,92,https://charts-static.billboard.com/img/2025/09/jason-aldean-903-howfardoesagoodbyego-vgz-180x180.jpg,Country,How Far Does A Goodbye Go,Jason Aldean,100,80,7
2025-12-06,93,https://charts-static.billboard.com/img/2016/03/cardi-b-tfu-180x180.jpg,Pop,Safe,Cardi BFeaturingKehlani,87,26,10
2025-12-06,94,https://charts-static.billboard.com/img/2025/09/lady-gaga-p9u-thedeaddance-ujm-180x180.jpg,Pop,The Dead Dance,Lady Gaga,90,40,12
2025-12-06,95,https://charts-static.billboard.com/img/2022/01/oliviadean-8k4-180x180.jpg,Pop,Let Alone The One You Love,Olivia Dean,97,95,2
2025-12-06,96,https://charts-static.billboard.com/img/2014/06/sabrina-carpenter-l0r-180x180.jpg,Pop,When Did You Get Hot?,Sabrina Carpenter,91,17,13
2025-12-06,97,https://charts-static.billboard.com/img/2000/11/coldplay-bm3-180x180.jpg,Alternative,Sparks,Coldplay,88,74,20
2025-12-06,98,https://charts-static.billboard.com/img/2006/07/taylor-swift-vug-180x180.jpg,Pop,Ruin The Friendship,Taylor Swift,76,11,8
2025-12-06,99,https://charts-static.billboard.com/img/2025/10/youngboy-never-broke-again-ak3-whatyouis-1u0-180x180.jpg,Pop,What You Is,YoungBoy Never Broke Again& Mellow Rackz,-,75,7
2025-12-06,100,https://charts-static.billboard.com/img/2011/02/ariana-grande-i9s-180x180.jpg,Pop,The Girl In The Bubble,Ariana Grande,-,100,1
